Batch_ID,Product_Name,Manufacturing_Site,Manufacturing_Line,Batch_Start_Time,Reaction_Time,Reactor_Temp,Pressure,pH,Agitation_Speed,Yield,Batch_Status,Batch_End_Time
BATCH_0001,AtorvaCap,Plant_B,Line_3,2024-04-29,7.51,70.72,1.79,6.92,199.0,89.33,Pass,2024-04-29 07:30:36.000000000
BATCH_0002,AmoxiTab,Plant_B,Line_3,2024-02-28,8.07,71.9,1.87,5.94,243.0,92.42,Pass,2024-02-28 08:04:12.000000000
BATCH_0003,AtorvaCap,Plant_A,Line_1,2024-08-02,5.79,76.69,1.63,6.91,221.0,97.13,Pass,2024-08-02 05:47:24.000000000
BATCH_0004,AtorvaCap,Plant_B,Line_1,2024-05-07,7.87,79.08,1.4,6.89,206.0,94.53,Pass,2024-05-07 07:52:12.000000000
BATCH_0005,AmoxiTab,Plant_B,Line_2,2024-08-11,9.78,80.5,1.02,6.6,188.0,94.03,Pass,2024-08-11 09:46:48.000000000
BATCH_0006,AmoxiTab,Plant_A,Line_2,2024-07-27,7.01,70.71,1.27,5.97,227.0,98.52,Pass,2024-07-27 07:00:36.000000000
BATCH_0007,AtorvaCap,Plant_B,Line_1,2024-04-24,9.53,77.17,1.36,6.71,239.0,87.84,Pass,2024-04-24 09:31:48.000000000
BATCH_0008,MetforminXR,Plant_A,Line_2,2024-07-27,8.14,80.94,1.29,6.79,229.0,91.26,Pass,2024-07-27 08:08:24.000000000
BATCH_0009,AtorvaCap,Plant_A,Line_1,2024-01-14,5.92,70.06,1.52,6.65,212.0,84.98,Fail,2024-01-14 05:55:12.000000000
BATCH_0010,AtorvaCap,Plant_B,Line_2,2024-01-09,6.34,82.43,1.4,6.07,224.0,87.62,Pass,2024-01-09 06:20:24.000000000
BATCH_0011,AtorvaCap,Plant_B,Line_1,2024-02-09,9.38,83.19,1.55,7.44,224.0,96.3,Pass,2024-02-09 09:22:48.000000000
BATCH_0012,AtorvaCap,Plant_B,Line_1,2024-08-24,8.83,88.13,1.86,6.54,226.0,88.33,Pass,2024-08-24 08:49:48.000000000
BATCH_0013,AmoxiTab,Plant_B,Line_1,2024-10-07,8.15,76.15,1.38,6.71,184.0,94.94,Pass,2024-10-07 08:09:00.000000000
BATCH_0014,AtorvaCap,Plant_A,Line_2,2024-12-24,7.59,76.18,1.09,5.84,226.0,98.63,Pass,2024-12-24 07:35:24.000000000
BATCH_0015,MetforminXR,Plant_B,Line_2,2024-07-19,8.32,79.13,1.29,7.44,207.0,91.29,Pass,2024-07-19 08:19:12.000000000
BATCH_0016,AmoxiTab,Plant_A,Line_2,2024-09-02,9.32,78.99,1.68,6.61,251.0,94.08,Pass,2024-09-02 09:19:12.000000000
BATCH_0017,MetforminXR,Plant_B,Line_1,2024-10-04,10.21,80.63,1.7,6.84,224.0,94.97,Pass,2024-10-04 10:12:36.000000000
BATCH_0018,MetforminXR,Plant_B,Line_2,2024-08-22,10.29,78.92,1.62,7.25,245.0,87.11,Pass,2024-08-22 10:17:23.999999999
BATCH_0019,MetforminXR,Plant_B,Line_2,2024-01-04,8.56,74.47,1.89,6.53,211.0,89.53,Pass,2024-01-04 08:33:36.000000000
BATCH_0020,MetforminXR,Plant_A,Line_1,2024-06-02,7.74,81.11,1.44,7.19,212.0,87.99,Pass,2024-06-02 07:44:24.000000000
BATCH_0021,AmoxiTab,Plant_B,Line_3,2024-01-29,8.22,69.64,2.12,5.98,265.0,89.85,Pass,2024-01-29 08:13:12.000000000
BATCH_0022,AmoxiTab,Plant_B,Line_1,2024-04-18,8.78,75.03,1.75,7.02,233.0,94.86,Pass,2024-04-18 08:46:48.000000000
BATCH_0023,MetforminXR,Plant_B,Line_2,2024-04-07,8.78,82.82,0.74,7.43,199.0,89.62,Pass,2024-04-07 08:46:48.000000000
BATCH_0024,MetforminXR,Plant_B,Line_1,2024-08-02,9.96,68.75,2.04,6.57,247.0,91.86,Pass,2024-08-02 09:57:36.000000000
BATCH_0025,AmoxiTab,Plant_A,Line_3,2024-10-19,11.17,71.61,1.27,7.25,204.0,87.83,Pass,2024-10-19 11:10:12.000000000
BATCH_0026,AmoxiTab,Plant_B,Line_1,2024-03-15,7.69,78.36,1.19,7.53,227.0,96.91,Pass,2024-03-15 07:41:24.000000000
BATCH_0027,AmoxiTab,Plant_A,Line_2,2024-11-21,11.23,76.97,1.66,6.7,275.0,89.82,Pass,2024-11-21 11:13:48.000000000
BATCH_0028,AtorvaCap,Plant_A,Line_3,2024-05-25,9.76,70.62,0.98,6.66,177.0,98.09,Pass,2024-05-25 09:45:36.000000000
BATCH_0029,AtorvaCap,Plant_A,Line_2,2024-05-07,7.85,72.92,1.29,6.44,215.0,92.24,Pass,2024-05-07 07:51:00.000000000
BATCH_0030,AtorvaCap,Plant_A,Line_3,2024-12-06,10.25,69.1,1.97,6.6,232.0,86.37,Pass,2024-12-06 10:15:00.000000000
BATCH_0031,MetforminXR,Plant_A,Line_3,2024-02-11,10.53,79.9,1.67,6.47,243.0,91.32,Pass,2024-02-11 10:31:48.000000000
BATCH_0032,AtorvaCap,Plant_A,Line_1,2024-12-21,7.31,73.72,1.74,6.44,183.0,87.75,Pass,2024-12-21 07:18:36.000000000
BATCH_0033,MetforminXR,Plant_B,Line_1,2024-02-10,10.6,83.96,1.3,7.28,174.0,94.36,Pass,2024-02-10 10:36:00.000000000
BATCH_0034,MetforminXR,Plant_A,Line_2,2024-02-03,9.61,75.41,1.04,6.48,253.0,90.95,Pass,2024-02-03 09:36:36.000000000
BATCH_0035,AtorvaCap,Plant_A,Line_1,2024-01-17,11.55,73.9,1.71,6.9,198.0,92.65,Pass,2024-01-17 11:33:00.000000000
BATCH_0036,MetforminXR,Plant_A,Line_1,2024-06-13,7.36,73.42,1.78,6.82,197.0,90.52,Pass,2024-06-13 07:21:36.000000000
BATCH_0037,AtorvaCap,Plant_B,Line_3,2024-06-01,7.47,73.78,1.77,7.4,267.0,89.78,Pass,2024-06-01 07:28:12.000000000
BATCH_0038,AtorvaCap,Plant_B,Line_1,2024-03-16,4.96,75.55,1.56,6.6,222.0,88.11,Pass,2024-03-16 04:57:36.000000000
BATCH_0039,AmoxiTab,Plant_A,Line_3,2024-03-27,8.86,87.56,1.21,6.95,222.0,95.34,Pass,2024-03-27 08:51:36.000000000
BATCH_0040,AtorvaCap,Plant_B,Line_3,2024-04-26,8.56,73.31,2.23,7.12,215.0,91.31,Pass,2024-04-26 08:33:36.000000000
BATCH_0041,AmoxiTab,Plant_A,Line_3,2024-12-27,7.16,73.47,1.64,7.4,183.0,90.74,Pass,2024-12-27 07:09:36.000000000
BATCH_0042,AtorvaCap,Plant_A,Line_2,2024-12-07,7.88,75.33,1.45,6.59,240.0,91.21,Pass,2024-12-07 07:52:48.000000000
BATCH_0043,AtorvaCap,Plant_B,Line_2,2024-01-27,6.03,80.45,1.45,6.55,232.0,89.28,Pass,2024-01-27 06:01:48.000000000
BATCH_0044,AmoxiTab,Plant_A,Line_2,2024-11-08,9.8,67.9,1.54,6.38,225.0,90.75,Pass,2024-11-08 09:48:00.000000000
BATCH_0045,AmoxiTab,Plant_B,Line_3,2024-10-13,7.27,77.28,1.82,7.69,217.0,92.82,Pass,2024-10-13 07:16:12.000000000
BATCH_0046,AtorvaCap,Plant_B,Line_2,2024-05-13,12.64,70.91,1.56,7.35,211.0,87.86,Pass,2024-05-13 12:38:24.000000000
BATCH_0047,MetforminXR,Plant_A,Line_2,2024-08-06,7.74,77.77,1.76,6.78,247.0,88.44,Pass,2024-08-06 07:44:24.000000000
BATCH_0048,AmoxiTab,Plant_A,Line_1,2024-06-16,6.86,72.53,1.55,7.57,216.0,97.51,Pass,2024-06-16 06:51:36.000000000
BATCH_0049,MetforminXR,Plant_B,Line_2,2024-04-07,7.38,63.48,1.47,6.76,218.0,90.55,Pass,2024-04-07 07:22:48.000000000
BATCH_0050,MetforminXR,Plant_A,Line_2,2024-09-24,5.88,76.85,1.69,7.09,236.0,89.79,Pass,2024-09-24 05:52:48.000000000
BATCH_0051,MetforminXR,Plant_A,Line_3,2024-08-24,8.72,76.81,1.68,6.8,226.0,86.62,Pass,2024-08-24 08:43:12.000000000
BATCH_0052,AmoxiTab,Plant_A,Line_3,2024-11-04,7.37,72.1,1.45,6.96,269.0,95.4,Pass,2024-11-04 07:22:12.000000000
BATCH_0053,MetforminXR,Plant_B,Line_3,2024-06-21,9.7,71.81,1.28,6.92,167.0,87.78,Pass,2024-06-21 09:42:00.000000000
BATCH_0054,AmoxiTab,Plant_B,Line_3,2024-07-08,7.59,68.44,1.6,6.63,229.0,91.94,Pass,2024-07-08 07:35:24.000000000
BATCH_0055,MetforminXR,Plant_A,Line_3,2024-05-01,10.08,78.87,1.52,7.24,199.0,85.17,Pass,2024-05-01 10:04:48.000000000
BATCH_0056,AtorvaCap,Plant_B,Line_3,2024-02-15,9.14,79.41,1.33,7.09,192.0,95.27,Pass,2024-02-15 09:08:24.000000000
BATCH_0057,AtorvaCap,Plant_B,Line_2,2024-03-04,8.04,70.6,1.25,7.21,206.0,96.71,Pass,2024-03-04 08:02:24.000000000
BATCH_0058,AmoxiTab,Plant_B,Line_3,2024-05-09,10.37,72.3,1.62,6.93,222.0,93.94,Pass,2024-05-09 10:22:12.000000000
BATCH_0059,AtorvaCap,Plant_B,Line_3,2024-11-05,9.43,74.68,1.67,6.44,223.0,85.86,Pass,2024-11-05 09:25:48.000000000
BATCH_0060,AtorvaCap,Plant_B,Line_1,2024-12-28,12.42,86.35,1.39,7.48,174.0,95.36,Pass,2024-12-28 12:25:12.000000000
BATCH_0061,MetforminXR,Plant_A,Line_2,2024-07-11,7.39,77.73,1.33,6.69,204.0,88.69,Pass,2024-07-11 07:23:24.000000000
BATCH_0062,AmoxiTab,Plant_A,Line_2,2024-11-02,8.11,70.28,1.25,6.95,228.0,87.32,Pass,2024-11-02 08:06:36.000000000
BATCH_0063,MetforminXR,Plant_A,Line_2,2024-06-29,10.35,76.52,1.61,7.05,194.0,90.47,Pass,2024-06-29 10:21:00.000000000
BATCH_0064,MetforminXR,Plant_B,Line_3,2024-10-18,5.68,68.12,1.26,6.94,187.0,90.39,Pass,2024-10-18 05:40:48.000000000
BATCH_0065,MetforminXR,Plant_B,Line_3,2024-10-08,9.98,78.59,2.17,7.17,152.0,89.98,Pass,2024-10-08 09:58:48.000000000
BATCH_0066,MetforminXR,Plant_A,Line_3,2024-01-29,8.66,83.38,1.38,7.23,200.0,97.09,Pass,2024-01-29 08:39:36.000000000
BATCH_0067,MetforminXR,Plant_B,Line_1,2024-05-28,6.67,83.4,0.77,6.71,186.0,100.05,Pass,2024-05-28 06:40:12.000000000
BATCH_0068,MetforminXR,Plant_A,Line_3,2024-09-23,5.96,78.67,1.49,7.45,190.0,86.52,Pass,2024-09-23 05:57:36.000000000
BATCH_0069,MetforminXR,Plant_A,Line_1,2024-10-22,6.99,72.08,1.48,6.69,212.0,89.24,Pass,2024-10-22 06:59:24.000000000
BATCH_0070,AmoxiTab,Plant_A,Line_2,2024-01-11,4.57,68.5,1.83,6.93,202.0,92.57,Pass,2024-01-11 04:34:11.999999999
BATCH_0071,AtorvaCap,Plant_B,Line_3,2024-06-12,7.27,68.0,1.59,6.64,185.0,90.45,Pass,2024-06-12 07:16:12.000000000
BATCH_0072,MetforminXR,Plant_B,Line_1,2024-04-22,8.93,60.97,1.25,6.53,157.0,93.6,Pass,2024-04-22 08:55:48.000000000
BATCH_0073,MetforminXR,Plant_A,Line_1,2024-07-05,7.29,78.47,1.41,7.22,229.0,95.66,Pass,2024-07-05 07:17:23.999999999
BATCH_0074,MetforminXR,Plant_A,Line_3,2024-10-21,10.08,74.49,1.6,8.05,243.0,95.0,Pass,2024-10-21 10:04:48.000000000
BATCH_0075,MetforminXR,Plant_A,Line_2,2024-08-19,10.49,79.55,0.85,6.66,208.0,94.44,Pass,2024-08-19 10:29:24.000000000
BATCH_0076,MetforminXR,Plant_A,Line_2,2024-08-14,9.91,82.14,1.9,7.29,212.0,98.64,Pass,2024-08-14 09:54:36.000000000
BATCH_0077,MetforminXR,Plant_B,Line_2,2024-11-05,8.35,75.5,1.25,6.67,220.0,85.64,Pass,2024-11-05 08:21:00.000000000
BATCH_0078,AtorvaCap,Plant_B,Line_1,2024-04-07,4.51,75.73,1.93,6.8,267.0,97.92,Pass,2024-04-07 04:30:36.000000000
BATCH_0079,AtorvaCap,Plant_A,Line_1,2024-02-24,6.94,72.68,1.62,7.5,173.0,90.35,Pass,2024-02-24 06:56:24.000000000
BATCH_0080,MetforminXR,Plant_A,Line_1,2024-04-20,7.79,73.27,1.69,6.37,208.0,95.14,Pass,2024-04-20 07:47:24.000000000
BATCH_0081,AtorvaCap,Plant_B,Line_1,2024-05-31,6.66,78.64,1.84,6.26,168.0,87.88,Pass,2024-05-31 06:39:36.000000000
BATCH_0082,AmoxiTab,Plant_B,Line_2,2024-09-02,7.79,74.13,1.67,6.77,231.0,88.37,Pass,2024-09-02 07:47:24.000000000
BATCH_0083,MetforminXR,Plant_A,Line_3,2024-03-09,10.42,73.4,1.7,7.07,216.0,94.65,Pass,2024-03-09 10:25:12.000000000
BATCH_0084,AmoxiTab,Plant_A,Line_1,2024-11-07,5.53,74.91,1.45,6.99,226.0,84.29,Fail,2024-11-07 05:31:48.000000000
BATCH_0085,AmoxiTab,Plant_A,Line_1,2024-10-15,10.72,79.43,1.61,6.94,225.0,95.96,Pass,2024-10-15 10:43:12.000000000
BATCH_0086,MetforminXR,Plant_B,Line_2,2024-09-06,9.33,71.54,1.32,6.81,250.0,97.04,Pass,2024-09-06 09:19:48.000000000
BATCH_0087,AtorvaCap,Plant_B,Line_3,2024-02-05,8.4,74.67,1.4,7.11,236.0,92.71,Pass,2024-02-05 08:24:00.000000000
BATCH_0088,AmoxiTab,Plant_B,Line_3,2024-08-26,6.93,76.23,2.09,5.63,245.0,92.57,Pass,2024-08-26 06:55:48.000000000
BATCH_0089,MetforminXR,Plant_A,Line_2,2024-05-27,6.69,80.8,1.26,6.5,188.0,88.67,Pass,2024-05-27 06:41:24.000000000
BATCH_0090,AmoxiTab,Plant_A,Line_2,2024-08-14,5.56,73.8,1.55,6.76,256.0,94.7,Pass,2024-08-14 05:33:36.000000000
BATCH_0091,AmoxiTab,Plant_B,Line_3,2024-08-31,10.58,71.41,1.53,7.08,198.0,93.39,Pass,2024-08-31 10:34:47.999999999
BATCH_0092,AmoxiTab,Plant_B,Line_1,2024-12-02,10.31,72.58,1.41,7.4,200.0,88.31,Pass,2024-12-02 10:18:36.000000000
BATCH_0093,AmoxiTab,Plant_A,Line_3,2024-12-30,5.89,80.27,1.65,6.45,228.0,90.43,Pass,2024-12-30 05:53:24.000000000
BATCH_0094,AtorvaCap,Plant_B,Line_2,2024-07-19,7.17,85.17,1.68,7.38,229.0,91.36,Pass,2024-07-19 07:10:12.000000000
BATCH_0095,AmoxiTab,Plant_B,Line_1,2024-06-02,8.65,68.43,1.22,6.62,188.0,90.43,Pass,2024-06-02 08:39:00.000000000
BATCH_0096,AmoxiTab,Plant_A,Line_1,2024-03-13,7.55,69.52,1.53,6.75,215.0,86.55,Pass,2024-03-13 07:33:00.000000000
BATCH_0097,AmoxiTab,Plant_B,Line_2,2024-07-19,5.12,74.16,1.18,7.03,265.0,94.8,Pass,2024-07-19 05:07:12.000000000
BATCH_0098,AtorvaCap,Plant_A,Line_2,2024-10-22,7.01,75.55,1.74,6.72,176.0,91.03,Pass,2024-10-22 07:00:36.000000000
BATCH_0099,AmoxiTab,Plant_A,Line_2,2024-01-17,10.93,78.93,1.55,7.24,265.0,92.06,Pass,2024-01-17 10:55:48.000000000
BATCH_0100,AmoxiTab,Plant_A,Line_3,2024-05-08,7.12,70.54,1.52,6.64,213.0,89.69,Pass,2024-05-08 07:07:12.000000000
BATCH_0101,AtorvaCap,Plant_A,Line_3,2024-08-04,7.75,69.68,1.7,6.64,150.0,93.9,Pass,2024-08-04 07:45:00.000000000
BATCH_0102,AtorvaCap,Plant_A,Line_1,2024-03-01,6.28,75.69,1.42,7.22,179.0,92.79,Pass,2024-03-01 06:16:48.000000000
BATCH_0103,AtorvaCap,Plant_A,Line_2,2024-04-13,8.88,73.71,1.77,6.49,191.0,96.85,Pass,2024-04-13 08:52:48.000000000
BATCH_0104,AmoxiTab,Plant_A,Line_1,2024-02-11,8.17,79.63,1.22,6.9,201.0,93.92,Pass,2024-02-11 08:10:12.000000000
BATCH_0105,AtorvaCap,Plant_B,Line_1,2024-01-25,6.89,77.44,1.92,6.14,217.0,91.19,Pass,2024-01-25 06:53:24.000000000
BATCH_0106,AtorvaCap,Plant_A,Line_1,2024-02-08,6.04,77.78,1.33,7.53,139.0,89.04,Pass,2024-02-08 06:02:24.000000000
BATCH_0107,AmoxiTab,Plant_A,Line_1,2024-10-17,10.11,74.48,0.99,7.28,226.0,95.46,Pass,2024-10-17 10:06:36.000000000
BATCH_0108,AtorvaCap,Plant_B,Line_2,2024-05-10,5.59,86.78,1.4,7.9,188.0,90.87,Pass,2024-05-10 05:35:24.000000000
BATCH_0109,AmoxiTab,Plant_B,Line_1,2024-08-16,8.76,70.81,1.37,7.34,262.0,91.31,Pass,2024-08-16 08:45:36.000000000
BATCH_0110,MetforminXR,Plant_B,Line_2,2024-04-17,4.77,78.05,1.4,6.35,212.0,91.31,Pass,2024-04-17 04:46:12.000000000
BATCH_0111,AtorvaCap,Plant_A,Line_2,2024-06-20,9.06,68.65,1.57,7.07,248.0,90.39,Pass,2024-06-20 09:03:36.000000000
BATCH_0112,MetforminXR,Plant_B,Line_3,2024-04-11,9.46,69.63,1.83,6.43,253.0,91.38,Pass,2024-04-11 09:27:36.000000000
BATCH_0113,AmoxiTab,Plant_A,Line_2,2024-12-19,9.64,71.96,1.44,7.43,252.0,99.7,Pass,2024-12-19 09:38:24.000000000
BATCH_0114,AtorvaCap,Plant_A,Line_3,2024-01-12,7.76,83.15,1.29,6.36,203.0,87.81,Pass,2024-01-12 07:45:36.000000000
BATCH_0115,AmoxiTab,Plant_A,Line_2,2024-10-01,10.38,76.32,1.16,6.34,203.0,88.74,Pass,2024-10-01 10:22:48.000000000
BATCH_0116,MetforminXR,Plant_A,Line_2,2024-04-10,11.46,72.05,1.36,6.16,213.0,97.54,Pass,2024-04-10 11:27:36.000000000
BATCH_0117,AmoxiTab,Plant_B,Line_2,2024-02-13,7.52,76.87,0.93,6.6,239.0,90.5,Pass,2024-02-13 07:31:12.000000000
BATCH_0118,AtorvaCap,Plant_B,Line_3,2024-10-31,7.32,75.18,1.28,6.52,205.0,90.2,Pass,2024-10-31 07:19:12.000000000
BATCH_0119,AtorvaCap,Plant_A,Line_3,2024-01-17,8.22,72.54,1.87,6.3,216.0,96.14,Pass,2024-01-17 08:13:12.000000000
BATCH_0120,MetforminXR,Plant_A,Line_1,2024-11-25,7.28,68.02,1.25,7.6,228.0,86.32,Pass,2024-11-25 07:16:48.000000000
BATCH_0121,AmoxiTab,Plant_A,Line_3,2024-02-26,7.06,82.19,1.69,7.01,193.0,95.29,Pass,2024-02-26 07:03:36.000000000
BATCH_0122,AtorvaCap,Plant_B,Line_3,2024-11-06,7.19,76.05,1.13,6.96,191.0,92.18,Pass,2024-11-06 07:11:24.000000000
BATCH_0123,MetforminXR,Plant_A,Line_3,2024-10-29,10.57,85.87,2.03,7.44,215.0,93.86,Pass,2024-10-29 10:34:11.999999999
BATCH_0124,AtorvaCap,Plant_A,Line_3,2024-01-12,9.16,79.7,2.05,6.9,219.0,93.78,Pass,2024-01-12 09:09:36.000000000
BATCH_0125,AtorvaCap,Plant_B,Line_1,2024-11-13,7.28,77.76,1.68,6.5,233.0,89.49,Pass,2024-11-13 07:16:48.000000000
BATCH_0126,AmoxiTab,Plant_B,Line_3,2024-03-20,4.32,72.82,2.1,6.12,240.0,96.2,Pass,2024-03-20 04:19:12.000000000
BATCH_0127,AtorvaCap,Plant_A,Line_2,2024-08-03,5.68,69.52,1.61,6.48,187.0,89.8,Pass,2024-08-03 05:40:48.000000000
BATCH_0128,AmoxiTab,Plant_B,Line_2,2024-12-04,8.76,73.91,1.73,7.4,196.0,93.64,Pass,2024-12-04 08:45:36.000000000
BATCH_0129,AtorvaCap,Plant_B,Line_3,2024-09-20,4.82,69.38,1.88,6.3,191.0,96.95,Pass,2024-09-20 04:49:12.000000000
BATCH_0130,MetforminXR,Plant_A,Line_3,2024-05-28,8.44,78.25,1.55,6.94,262.0,97.52,Pass,2024-05-28 08:26:24.000000000
BATCH_0131,AtorvaCap,Plant_B,Line_2,2024-03-21,6.4,83.16,1.03,7.21,216.0,90.93,Pass,2024-03-21 06:24:00.000000000
BATCH_0132,AmoxiTab,Plant_A,Line_2,2024-08-02,8.14,73.7,1.74,6.91,220.0,93.85,Pass,2024-08-02 08:08:24.000000000
BATCH_0133,AmoxiTab,Plant_B,Line_1,2024-07-16,8.1,79.72,1.36,6.96,222.0,90.56,Pass,2024-07-16 08:06:00.000000000
BATCH_0134,MetforminXR,Plant_A,Line_2,2024-07-18,8.18,71.55,1.38,7.06,199.0,102.02,Pass,2024-07-18 08:10:48.000000000
BATCH_0135,AtorvaCap,Plant_A,Line_2,2024-01-25,7.41,73.49,1.59,6.95,267.0,95.12,Pass,2024-01-25 07:24:36.000000000
BATCH_0136,AtorvaCap,Plant_A,Line_3,2024-03-29,7.36,70.93,1.67,7.44,232.0,92.34,Pass,2024-03-29 07:21:36.000000000
BATCH_0137,MetforminXR,Plant_B,Line_2,2024-09-24,6.92,64.33,1.55,6.38,221.0,93.25,Pass,2024-09-24 06:55:12.000000000
BATCH_0138,AtorvaCap,Plant_A,Line_1,2024-05-22,8.73,74.82,1.69,6.9,187.0,93.63,Pass,2024-05-22 08:43:48.000000000
BATCH_0139,AtorvaCap,Plant_B,Line_2,2024-02-28,9.21,75.64,1.29,6.07,185.0,93.75,Pass,2024-02-28 09:12:36.000000000
BATCH_0140,AmoxiTab,Plant_A,Line_3,2024-12-30,6.17,80.33,1.49,5.97,211.0,91.04,Pass,2024-12-30 06:10:12.000000000
BATCH_0141,AtorvaCap,Plant_A,Line_3,2024-01-26,7.92,78.98,1.75,6.77,199.0,90.42,Pass,2024-01-26 07:55:12.000000000
BATCH_0142,AtorvaCap,Plant_B,Line_2,2024-02-16,8.29,79.04,2.03,7.02,188.0,91.39,Pass,2024-02-16 08:17:23.999999999
BATCH_0143,MetforminXR,Plant_A,Line_3,2024-10-14,8.28,70.13,2.14,7.45,209.0,87.44,Pass,2024-10-14 08:16:48.000000000
BATCH_0144,MetforminXR,Plant_A,Line_1,2024-09-22,8.25,77.3,1.63,7.77,214.0,94.87,Pass,2024-09-22 08:15:00.000000000
BATCH_0145,AmoxiTab,Plant_B,Line_1,2024-01-16,7.4,82.91,1.75,7.33,224.0,88.79,Pass,2024-01-16 07:24:00.000000000
BATCH_0146,AtorvaCap,Plant_A,Line_2,2024-07-17,8.42,76.9,2.09,7.09,205.0,87.76,Pass,2024-07-17 08:25:12.000000000
BATCH_0147,AtorvaCap,Plant_A,Line_2,2024-10-08,8.93,84.14,1.3,6.86,190.0,91.94,Pass,2024-10-08 08:55:48.000000000
BATCH_0148,AtorvaCap,Plant_A,Line_2,2024-03-26,8.21,85.09,1.69,6.19,191.0,91.48,Pass,2024-03-26 08:12:36.000000000
BATCH_0149,AmoxiTab,Plant_A,Line_3,2024-09-06,8.76,73.66,1.73,6.74,256.0,93.0,Pass,2024-09-06 08:45:36.000000000
BATCH_0150,AmoxiTab,Plant_B,Line_1,2024-09-26,9.49,71.52,1.93,7.32,182.0,89.73,Pass,2024-09-26 09:29:24.000000000
BATCH_0151,MetforminXR,Plant_B,Line_1,2024-11-30,5.22,71.19,1.16,7.16,231.0,90.43,Pass,2024-11-30 05:13:12.000000000
BATCH_0152,AmoxiTab,Plant_A,Line_3,2024-04-26,9.42,67.42,1.22,6.29,236.0,94.77,Pass,2024-04-26 09:25:12.000000000
BATCH_0153,AtorvaCap,Plant_B,Line_1,2024-01-07,8.51,72.41,1.51,7.05,216.0,94.52,Pass,2024-01-07 08:30:36.000000000
BATCH_0154,AtorvaCap,Plant_A,Line_2,2024-05-16,6.33,81.04,1.61,7.01,273.0,94.36,Pass,2024-05-16 06:19:48.000000000
BATCH_0155,AmoxiTab,Plant_B,Line_2,2024-06-24,9.2,63.98,1.84,6.94,235.0,92.14,Pass,2024-06-24 09:12:00.000000000
BATCH_0156,AtorvaCap,Plant_A,Line_2,2024-11-23,7.4,69.81,1.66,6.79,275.0,92.68,Pass,2024-11-23 07:24:00.000000000
BATCH_0157,AtorvaCap,Plant_A,Line_1,2024-11-10,7.61,74.36,1.45,7.07,200.0,92.92,Pass,2024-11-10 07:36:36.000000000
BATCH_0158,AmoxiTab,Plant_A,Line_2,2024-08-02,7.24,70.61,1.62,7.08,201.0,89.38,Pass,2024-08-02 07:14:24.000000000
BATCH_0159,AmoxiTab,Plant_A,Line_3,2024-03-22,8.45,72.36,1.59,6.54,236.0,97.9,Pass,2024-03-22 08:27:00.000000000
BATCH_0160,AtorvaCap,Plant_A,Line_3,2024-08-10,6.82,72.44,2.02,6.98,212.0,97.33,Pass,2024-08-10 06:49:12.000000000
BATCH_0161,AtorvaCap,Plant_A,Line_1,2024-04-12,9.35,73.71,1.55,6.72,271.0,95.18,Pass,2024-04-12 09:21:00.000000000
BATCH_0162,AtorvaCap,Plant_B,Line_3,2024-09-29,7.79,71.35,1.39,6.21,230.0,90.3,Pass,2024-09-29 07:47:24.000000000
BATCH_0163,MetforminXR,Plant_A,Line_3,2024-01-14,7.45,70.94,1.63,6.58,189.0,94.16,Pass,2024-01-14 07:27:00.000000000
BATCH_0164,MetforminXR,Plant_B,Line_1,2024-06-07,9.13,79.67,1.56,6.17,168.0,95.91,Pass,2024-06-07 09:07:48.000000000
BATCH_0165,MetforminXR,Plant_A,Line_2,2024-05-31,7.52,80.25,1.03,7.19,218.0,87.11,Pass,2024-05-31 07:31:12.000000000
BATCH_0166,AmoxiTab,Plant_B,Line_2,2024-04-17,9.42,68.1,1.5,6.94,217.0,98.78,Pass,2024-04-17 09:25:12.000000000
BATCH_0167,MetforminXR,Plant_B,Line_2,2024-07-06,9.47,61.2,1.47,6.66,229.0,85.04,Pass,2024-07-06 09:28:12.000000000
BATCH_0168,AmoxiTab,Plant_B,Line_1,2024-10-27,6.0,80.32,1.34,7.37,256.0,94.82,Pass,2024-10-27 06:00:00.000000000
BATCH_0169,AmoxiTab,Plant_A,Line_3,2024-04-07,9.66,68.86,1.81,6.83,252.0,97.81,Pass,2024-04-07 09:39:36.000000000
BATCH_0170,MetforminXR,Plant_A,Line_2,2024-05-10,5.81,76.06,1.26,6.23,203.0,91.55,Pass,2024-05-10 05:48:36.000000000
BATCH_0171,MetforminXR,Plant_B,Line_2,2024-10-19,9.76,67.17,1.64,6.62,181.0,91.4,Pass,2024-10-19 09:45:36.000000000
BATCH_0172,MetforminXR,Plant_A,Line_1,2024-06-19,11.04,81.49,1.46,7.45,183.0,94.67,Pass,2024-06-19 11:02:24.000000000
BATCH_0173,AtorvaCap,Plant_B,Line_2,2024-07-01,9.31,87.72,1.53,6.53,198.0,99.41,Pass,2024-07-01 09:18:36.000000000
BATCH_0174,MetforminXR,Plant_A,Line_1,2024-12-29,4.76,75.91,1.62,6.91,209.0,90.88,Pass,2024-12-29 04:45:36.000000000
BATCH_0175,AtorvaCap,Plant_B,Line_3,2024-02-08,9.6,74.53,1.11,7.1,229.0,88.88,Pass,2024-02-08 09:36:00.000000000
BATCH_0176,AmoxiTab,Plant_B,Line_1,2024-01-15,11.37,73.39,1.56,7.04,196.0,90.3,Pass,2024-01-15 11:22:12.000000000
BATCH_0177,AtorvaCap,Plant_A,Line_1,2024-01-04,7.55,78.91,2.19,7.78,228.0,85.79,Pass,2024-01-04 07:33:00.000000000
BATCH_0178,MetforminXR,Plant_B,Line_1,2024-12-14,7.95,77.84,1.03,6.33,231.0,95.59,Pass,2024-12-14 07:57:00.000000000
BATCH_0179,AmoxiTab,Plant_A,Line_1,2024-07-28,6.22,80.02,1.48,6.37,224.0,89.94,Pass,2024-07-28 06:13:12.000000000
BATCH_0180,AmoxiTab,Plant_B,Line_3,2024-06-09,8.47,71.86,1.84,6.34,186.0,91.17,Pass,2024-06-09 08:28:12.000000000
BATCH_0181,AmoxiTab,Plant_B,Line_3,2024-01-16,9.9,76.7,1.59,6.68,234.0,95.64,Pass,2024-01-16 09:54:00.000000000
BATCH_0182,AtorvaCap,Plant_A,Line_2,2024-04-17,9.05,72.29,1.71,7.24,282.0,90.49,Pass,2024-04-17 09:03:00.000000000
BATCH_0183,MetforminXR,Plant_A,Line_3,2024-11-06,12.71,69.71,0.79,6.39,227.0,95.04,Pass,2024-11-06 12:42:36.000000000
BATCH_0184,AmoxiTab,Plant_A,Line_3,2024-08-14,8.05,74.79,1.68,7.25,131.0,87.85,Pass,2024-08-14 08:03:00.000000000
BATCH_0185,AmoxiTab,Plant_B,Line_2,2024-06-18,5.55,70.39,1.27,6.81,257.0,95.83,Pass,2024-06-18 05:33:00.000000000
BATCH_0186,AmoxiTab,Plant_A,Line_3,2024-02-03,8.26,80.87,1.59,6.36,199.0,93.37,Pass,2024-02-03 08:15:36.000000000
BATCH_0187,AtorvaCap,Plant_B,Line_1,2024-09-07,4.38,70.69,1.49,6.1,288.0,91.65,Pass,2024-09-07 04:22:48.000000000
BATCH_0188,AtorvaCap,Plant_B,Line_1,2024-09-03,7.2,76.82,2.18,6.19,223.0,92.52,Pass,2024-09-03 07:12:00.000000000
BATCH_0189,MetforminXR,Plant_A,Line_2,2024-09-25,10.44,71.98,1.66,6.53,169.0,86.85,Pass,2024-09-25 10:26:24.000000000
BATCH_0190,AtorvaCap,Plant_A,Line_2,2024-05-20,8.49,76.39,1.47,6.73,158.0,92.43,Pass,2024-05-20 08:29:24.000000000
BATCH_0191,AmoxiTab,Plant_B,Line_2,2024-09-30,8.27,72.38,1.05,7.34,266.0,91.43,Pass,2024-09-30 08:16:12.000000000
BATCH_0192,MetforminXR,Plant_B,Line_1,2024-04-05,10.73,68.71,1.54,7.12,253.0,86.96,Pass,2024-04-05 10:43:48.000000000
BATCH_0193,AmoxiTab,Plant_A,Line_3,2024-08-14,7.59,77.42,1.75,6.46,287.0,89.32,Pass,2024-08-14 07:35:24.000000000
BATCH_0194,AmoxiTab,Plant_A,Line_1,2024-02-08,9.89,73.82,1.48,6.96,220.0,91.48,Pass,2024-02-08 09:53:24.000000000
BATCH_0195,AtorvaCap,Plant_A,Line_2,2024-10-28,8.19,76.43,1.35,7.46,218.0,89.57,Pass,2024-10-28 08:11:24.000000000
BATCH_0196,MetforminXR,Plant_A,Line_3,2024-01-29,8.57,72.86,1.33,7.55,209.0,82.35,Fail,2024-01-29 08:34:11.999999999
BATCH_0197,AtorvaCap,Plant_A,Line_3,2024-11-13,6.17,68.36,1.66,6.67,200.0,96.31,Pass,2024-11-13 06:10:12.000000000
BATCH_0198,AtorvaCap,Plant_B,Line_1,2024-09-01,7.28,80.42,1.73,7.18,208.0,91.43,Pass,2024-09-01 07:16:48.000000000
BATCH_0199,MetforminXR,Plant_B,Line_2,2024-08-23,5.9,78.68,1.91,7.36,227.0,82.9,Fail,2024-08-23 05:54:00.000000000
BATCH_0200,AmoxiTab,Plant_B,Line_1,2024-07-03,7.86,72.17,1.2,6.2,195.0,100.54,Pass,2024-07-03 07:51:36.000000000
BATCH_0201,AmoxiTab,Plant_B,Line_3,2024-09-28,8.59,75.35,1.66,6.6,170.0,96.97,Pass,2024-09-28 08:35:24.000000000
BATCH_0202,MetforminXR,Plant_A,Line_1,2024-08-23,6.33,80.21,1.46,7.69,225.0,90.6,Pass,2024-08-23 06:19:48.000000000
BATCH_0203,AmoxiTab,Plant_A,Line_1,2024-08-26,11.07,72.71,1.47,6.68,194.0,88.63,Pass,2024-08-26 11:04:12.000000000
BATCH_0204,MetforminXR,Plant_A,Line_2,2024-09-22,8.42,73.49,1.62,5.63,123.0,93.61,Pass,2024-09-22 08:25:12.000000000
BATCH_0205,MetforminXR,Plant_B,Line_2,2024-12-24,8.09,76.22,1.62,6.75,237.0,92.81,Pass,2024-12-24 08:05:24.000000000
BATCH_0206,AtorvaCap,Plant_B,Line_3,2024-12-05,9.15,72.7,1.66,7.25,187.0,94.17,Pass,2024-12-05 09:09:00.000000000
BATCH_0207,MetforminXR,Plant_A,Line_1,2024-03-05,6.76,79.29,1.18,6.8,240.0,88.64,Pass,2024-03-05 06:45:36.000000000
BATCH_0208,AtorvaCap,Plant_A,Line_1,2024-06-25,8.25,74.16,1.28,7.09,239.0,96.39,Pass,2024-06-25 08:15:00.000000000
BATCH_0209,AmoxiTab,Plant_B,Line_1,2024-01-03,6.92,71.08,1.95,7.18,229.0,90.11,Pass,2024-01-03 06:55:12.000000000
BATCH_0210,AmoxiTab,Plant_B,Line_3,2024-05-21,10.34,78.04,1.43,6.66,295.0,94.72,Pass,2024-05-21 10:20:24.000000000
BATCH_0211,AmoxiTab,Plant_A,Line_3,2024-06-06,6.41,69.29,1.59,6.59,216.0,88.81,Pass,2024-06-06 06:24:36.000000000
BATCH_0212,AmoxiTab,Plant_A,Line_2,2024-11-19,8.09,85.07,1.82,6.86,211.0,102.59,Pass,2024-11-19 08:05:24.000000000
BATCH_0213,AtorvaCap,Plant_B,Line_2,2024-05-25,8.49,82.91,1.64,6.87,241.0,94.78,Pass,2024-05-25 08:29:24.000000000
BATCH_0214,AmoxiTab,Plant_A,Line_2,2024-10-19,8.59,77.57,1.66,6.82,218.0,103.54,Pass,2024-10-19 08:35:24.000000000
BATCH_0215,MetforminXR,Plant_A,Line_1,2024-06-01,7.13,77.15,1.77,6.84,255.0,95.31,Pass,2024-06-01 07:07:48.000000000
BATCH_0216,MetforminXR,Plant_A,Line_1,2024-07-11,6.66,76.91,0.87,6.5,182.0,89.75,Pass,2024-07-11 06:39:36.000000000
BATCH_0217,MetforminXR,Plant_B,Line_2,2024-03-13,7.15,72.55,1.35,7.1,182.0,95.32,Pass,2024-03-13 07:09:00.000000000
BATCH_0218,AtorvaCap,Plant_B,Line_1,2024-10-31,8.79,76.49,1.64,7.04,243.0,95.6,Pass,2024-10-31 08:47:24.000000000
BATCH_0219,AmoxiTab,Plant_B,Line_2,2024-12-09,7.78,70.38,1.92,6.27,185.0,93.49,Pass,2024-12-09 07:46:48.000000000
BATCH_0220,AmoxiTab,Plant_B,Line_3,2024-05-19,9.19,77.52,1.52,6.64,238.0,94.52,Pass,2024-05-19 09:11:24.000000000
BATCH_0221,AmoxiTab,Plant_B,Line_2,2024-07-05,8.72,79.34,1.25,6.84,231.0,95.05,Pass,2024-07-05 08:43:12.000000000
BATCH_0222,AtorvaCap,Plant_B,Line_3,2024-10-19,4.58,73.11,1.25,6.59,199.0,88.03,Pass,2024-10-19 04:34:47.999999999
BATCH_0223,MetforminXR,Plant_B,Line_1,2024-03-01,8.37,72.02,1.77,7.05,231.0,87.74,Pass,2024-03-01 08:22:12.000000000
BATCH_0224,MetforminXR,Plant_A,Line_2,2024-07-16,11.38,68.94,1.43,6.77,183.0,88.82,Pass,2024-07-16 11:22:48.000000000
BATCH_0225,AmoxiTab,Plant_A,Line_1,2024-10-21,9.99,82.29,1.5,6.87,190.0,92.51,Pass,2024-10-21 09:59:24.000000000
BATCH_0226,MetforminXR,Plant_A,Line_3,2024-11-14,8.63,72.42,1.68,6.64,213.0,91.11,Pass,2024-11-14 08:37:48.000000000
BATCH_0227,MetforminXR,Plant_A,Line_3,2024-10-28,6.41,74.01,0.63,6.0,222.0,88.1,Pass,2024-10-28 06:24:36.000000000
BATCH_0228,AtorvaCap,Plant_A,Line_3,2024-12-09,8.72,76.5,2.1,5.98,211.0,95.1,Pass,2024-12-09 08:43:12.000000000
BATCH_0229,AtorvaCap,Plant_A,Line_1,2024-01-11,9.11,76.41,1.28,7.04,233.0,93.13,Pass,2024-01-11 09:06:36.000000000
BATCH_0230,AtorvaCap,Plant_A,Line_1,2024-03-02,7.62,78.73,1.57,6.91,232.0,92.68,Pass,2024-03-02 07:37:12.000000000
BATCH_0231,AtorvaCap,Plant_B,Line_1,2024-11-28,8.48,73.1,0.99,6.98,266.0,90.97,Pass,2024-11-28 08:28:48.000000000
BATCH_0232,AmoxiTab,Plant_B,Line_1,2024-08-13,10.26,69.31,1.37,6.85,217.0,90.49,Pass,2024-08-13 10:15:36.000000000
BATCH_0233,AtorvaCap,Plant_A,Line_3,2024-06-01,6.71,68.43,1.87,6.89,256.0,88.63,Pass,2024-06-01 06:42:36.000000000
BATCH_0234,MetforminXR,Plant_A,Line_3,2024-07-17,6.41,72.1,0.93,7.19,248.0,95.73,Pass,2024-07-17 06:24:36.000000000
BATCH_0235,AmoxiTab,Plant_B,Line_2,2024-02-21,9.04,70.24,1.84,6.98,289.0,89.19,Pass,2024-02-21 09:02:24.000000000
BATCH_0236,MetforminXR,Plant_A,Line_2,2024-09-16,8.69,73.48,1.42,7.22,216.0,92.84,Pass,2024-09-16 08:41:24.000000000
BATCH_0237,MetforminXR,Plant_A,Line_1,2024-02-28,9.54,81.54,1.65,6.87,207.0,98.65,Pass,2024-02-28 09:32:24.000000000
BATCH_0238,MetforminXR,Plant_B,Line_3,2024-03-12,8.85,73.11,1.7,6.68,258.0,90.67,Pass,2024-03-12 08:51:00.000000000
BATCH_0239,AtorvaCap,Plant_A,Line_3,2024-05-27,7.15,73.11,1.63,6.88,232.0,95.84,Pass,2024-05-27 07:09:00.000000000
BATCH_0240,AtorvaCap,Plant_B,Line_3,2024-12-14,8.65,74.92,1.24,6.47,258.0,94.27,Pass,2024-12-14 08:39:00.000000000
BATCH_0241,AmoxiTab,Plant_A,Line_2,2024-03-03,6.29,72.97,1.39,6.65,242.0,93.25,Pass,2024-03-03 06:17:23.999999999
BATCH_0242,AmoxiTab,Plant_B,Line_2,2024-11-05,7.62,74.66,1.06,6.87,157.0,93.72,Pass,2024-11-05 07:37:12.000000000
BATCH_0243,AtorvaCap,Plant_B,Line_3,2024-08-30,8.75,77.7,1.65,6.87,231.0,91.62,Pass,2024-08-30 08:45:00.000000000
BATCH_0244,MetforminXR,Plant_B,Line_3,2024-11-25,7.46,79.42,2.01,6.76,229.0,92.14,Pass,2024-11-25 07:27:36.000000000
BATCH_0245,AmoxiTab,Plant_A,Line_3,2024-04-16,11.7,80.02,0.95,6.24,224.0,89.81,Pass,2024-04-16 11:42:00.000000000
BATCH_0246,AtorvaCap,Plant_B,Line_2,2024-08-13,5.16,85.28,1.27,7.05,216.0,92.17,Pass,2024-08-13 05:09:36.000000000
BATCH_0247,AtorvaCap,Plant_A,Line_3,2024-11-08,7.18,77.85,1.45,7.13,172.0,89.66,Pass,2024-11-08 07:10:48.000000000
BATCH_0248,AtorvaCap,Plant_A,Line_3,2024-08-05,6.59,86.17,1.55,7.46,246.0,96.02,Pass,2024-08-05 06:35:24.000000000
BATCH_0249,MetforminXR,Plant_A,Line_1,2024-08-28,6.95,71.12,1.76,6.98,231.0,85.2,Pass,2024-08-28 06:57:00.000000000
BATCH_0250,AtorvaCap,Plant_A,Line_1,2024-09-15,7.04,85.46,1.45,6.8,253.0,93.92,Pass,2024-09-15 07:02:24.000000000
BATCH_0251,AtorvaCap,Plant_B,Line_2,2024-09-18,6.01,73.1,1.41,6.39,174.0,93.35,Pass,2024-09-18 06:00:36.000000000
BATCH_0252,AtorvaCap,Plant_B,Line_3,2024-01-05,9.13,73.59,1.83,7.4,235.0,92.98,Pass,2024-01-05 09:07:48.000000000
BATCH_0253,AtorvaCap,Plant_A,Line_3,2024-09-17,7.18,74.4,1.7,6.9,213.0,96.1,Pass,2024-09-17 07:10:48.000000000
BATCH_0254,AmoxiTab,Plant_A,Line_1,2024-02-23,8.25,73.91,1.66,6.88,224.0,90.86,Pass,2024-02-23 08:15:00.000000000
BATCH_0255,AmoxiTab,Plant_B,Line_2,2024-02-16,7.35,75.43,1.53,6.7,213.0,93.02,Pass,2024-02-16 07:21:00.000000000
BATCH_0256,AtorvaCap,Plant_A,Line_1,2024-08-02,6.96,72.1,1.79,6.67,236.0,85.13,Pass,2024-08-02 06:57:36.000000000
BATCH_0257,MetforminXR,Plant_B,Line_1,2024-06-25,10.51,79.15,1.3,7.08,215.0,90.34,Pass,2024-06-25 10:30:36.000000000
BATCH_0258,AmoxiTab,Plant_A,Line_1,2024-01-09,9.38,72.24,1.26,6.39,188.0,95.42,Pass,2024-01-09 09:22:48.000000000
BATCH_0259,AtorvaCap,Plant_A,Line_1,2024-04-08,5.2,78.28,1.72,7.45,223.0,86.64,Pass,2024-04-08 05:12:00.000000000
BATCH_0260,AmoxiTab,Plant_B,Line_3,2024-01-20,5.04,82.64,1.01,7.36,214.0,92.64,Pass,2024-01-20 05:02:24.000000000
BATCH_0261,AmoxiTab,Plant_A,Line_3,2024-08-28,9.56,73.21,1.53,6.66,217.0,89.29,Pass,2024-08-28 09:33:36.000000000
BATCH_0262,MetforminXR,Plant_B,Line_1,2024-03-01,7.22,78.97,1.41,6.45,124.0,91.56,Pass,2024-03-01 07:13:12.000000000
BATCH_0263,AtorvaCap,Plant_A,Line_2,2024-06-26,5.53,77.8,1.08,5.99,240.0,89.53,Pass,2024-06-26 05:31:48.000000000
BATCH_0264,AtorvaCap,Plant_A,Line_2,2024-12-03,9.57,86.26,1.22,6.3,211.0,87.01,Pass,2024-12-03 09:34:11.999999999
BATCH_0265,MetforminXR,Plant_A,Line_2,2024-03-02,8.25,72.48,1.47,7.09,180.0,93.54,Pass,2024-03-02 08:15:00.000000000
BATCH_0266,MetforminXR,Plant_B,Line_2,2024-05-24,8.38,78.98,1.81,6.93,248.0,91.8,Pass,2024-05-24 08:22:48.000000000
BATCH_0267,AtorvaCap,Plant_A,Line_1,2024-08-03,9.21,66.87,1.3,7.0,239.0,94.45,Pass,2024-08-03 09:12:36.000000000
BATCH_0268,AtorvaCap,Plant_A,Line_3,2024-01-03,6.04,72.52,1.86,6.06,210.0,95.18,Pass,2024-01-03 06:02:24.000000000
BATCH_0269,MetforminXR,Plant_A,Line_2,2024-06-08,5.55,76.77,1.52,6.64,185.0,96.9,Pass,2024-06-08 05:33:00.000000000
BATCH_0270,AmoxiTab,Plant_A,Line_1,2024-08-14,10.37,81.97,1.89,7.35,225.0,92.53,Pass,2024-08-14 10:22:12.000000000
BATCH_0271,AmoxiTab,Plant_B,Line_2,2024-09-25,5.84,68.87,1.32,6.76,224.0,97.07,Pass,2024-09-25 05:50:24.000000000
BATCH_0272,MetforminXR,Plant_B,Line_2,2024-04-29,6.17,78.93,1.49,6.29,248.0,88.1,Pass,2024-04-29 06:10:12.000000000
BATCH_0273,AmoxiTab,Plant_A,Line_1,2024-03-29,6.47,74.68,1.61,6.76,207.0,95.64,Pass,2024-03-29 06:28:12.000000000
BATCH_0274,MetforminXR,Plant_B,Line_3,2024-11-24,11.12,67.39,1.45,6.49,256.0,93.84,Pass,2024-11-24 11:07:12.000000000
BATCH_0275,AmoxiTab,Plant_A,Line_3,2024-03-08,8.74,75.91,1.79,6.93,204.0,92.93,Pass,2024-03-08 08:44:24.000000000
BATCH_0276,AmoxiTab,Plant_A,Line_1,2024-12-22,9.45,83.55,0.84,6.81,180.0,93.78,Pass,2024-12-22 09:27:00.000000000
BATCH_0277,AtorvaCap,Plant_A,Line_3,2024-04-07,8.29,69.4,2.23,7.02,186.0,88.16,Pass,2024-04-07 08:17:23.999999999
BATCH_0278,AtorvaCap,Plant_B,Line_1,2024-09-23,7.1,74.45,1.76,6.31,218.0,87.21,Pass,2024-09-23 07:06:00.000000000
BATCH_0279,AmoxiTab,Plant_B,Line_1,2024-04-14,8.95,70.07,1.45,6.62,218.0,98.84,Pass,2024-04-14 08:57:00.000000000
BATCH_0280,AmoxiTab,Plant_B,Line_1,2024-11-18,5.67,72.66,1.33,7.24,230.0,91.33,Pass,2024-11-18 05:40:12.000000000
BATCH_0281,AtorvaCap,Plant_B,Line_3,2024-05-02,6.36,82.16,1.24,6.26,217.0,91.27,Pass,2024-05-02 06:21:36.000000000
BATCH_0282,AtorvaCap,Plant_B,Line_1,2024-01-29,9.1,73.64,1.69,6.4,249.0,87.59,Pass,2024-01-29 09:06:00.000000000
BATCH_0283,AtorvaCap,Plant_B,Line_2,2024-05-16,5.96,82.01,1.8,6.88,212.0,86.07,Pass,2024-05-16 05:57:36.000000000
BATCH_0284,MetforminXR,Plant_B,Line_3,2024-07-13,7.72,80.55,1.45,6.91,160.0,91.65,Pass,2024-07-13 07:43:12.000000000
BATCH_0285,AmoxiTab,Plant_B,Line_3,2024-08-13,7.78,73.19,1.83,6.6,216.0,90.63,Pass,2024-08-13 07:46:48.000000000
BATCH_0286,AtorvaCap,Plant_B,Line_3,2024-11-27,7.21,72.49,1.23,6.69,160.0,92.01,Pass,2024-11-27 07:12:36.000000000
BATCH_0287,AmoxiTab,Plant_A,Line_3,2024-06-18,5.07,70.52,1.17,7.01,228.0,92.35,Pass,2024-06-18 05:04:12.000000000
BATCH_0288,MetforminXR,Plant_B,Line_2,2024-01-09,7.06,70.35,2.04,7.14,252.0,101.96,Pass,2024-01-09 07:03:36.000000000
BATCH_0289,MetforminXR,Plant_B,Line_3,2024-02-09,6.76,76.77,1.68,6.37,190.0,90.65,Pass,2024-02-09 06:45:36.000000000
BATCH_0290,AtorvaCap,Plant_B,Line_3,2024-01-25,8.24,74.9,1.92,6.95,263.0,98.32,Pass,2024-01-25 08:14:24.000000000
BATCH_0291,MetforminXR,Plant_B,Line_1,2024-09-17,8.17,71.88,1.24,7.4,245.0,98.57,Pass,2024-09-17 08:10:12.000000000
BATCH_0292,AmoxiTab,Plant_B,Line_3,2024-08-13,8.57,67.26,1.22,6.75,256.0,95.01,Pass,2024-08-13 08:34:11.999999999
BATCH_0293,AtorvaCap,Plant_B,Line_2,2024-05-03,6.99,75.53,1.39,6.37,226.0,91.06,Pass,2024-05-03 06:59:24.000000000
BATCH_0294,AmoxiTab,Plant_B,Line_2,2024-02-07,8.78,72.65,1.25,6.35,190.0,86.55,Pass,2024-02-07 08:46:48.000000000
BATCH_0295,AmoxiTab,Plant_B,Line_2,2024-11-23,5.67,74.02,1.71,6.74,243.0,93.91,Pass,2024-11-23 05:40:12.000000000
BATCH_0296,MetforminXR,Plant_B,Line_2,2024-09-07,5.27,76.52,1.27,7.21,201.0,96.08,Pass,2024-09-07 05:16:12.000000000
BATCH_0297,MetforminXR,Plant_B,Line_3,2024-06-24,4.5,62.49,1.15,6.78,224.0,98.99,Pass,2024-06-24 04:30:00.000000000
BATCH_0298,MetforminXR,Plant_B,Line_3,2024-03-30,7.25,67.33,1.54,6.88,215.0,88.2,Pass,2024-03-30 07:15:00.000000000
BATCH_0299,MetforminXR,Plant_A,Line_2,2024-02-06,6.87,86.48,1.11,6.4,254.0,91.03,Pass,2024-02-06 06:52:12.000000000
BATCH_0300,MetforminXR,Plant_A,Line_2,2024-11-11,9.18,72.47,0.96,7.19,242.0,88.22,Pass,2024-11-11 09:10:48.000000000
BATCH_0301,AtorvaCap,Plant_B,Line_3,2024-06-24,7.03,62.41,1.54,6.34,218.0,89.47,Pass,2024-06-24 07:01:48.000000000
BATCH_0302,AmoxiTab,Plant_B,Line_2,2024-10-10,8.41,67.75,0.98,6.6,161.0,94.66,Pass,2024-10-10 08:24:36.000000000
BATCH_0303,AmoxiTab,Plant_A,Line_1,2024-03-21,9.22,87.42,1.73,7.05,201.0,89.28,Pass,2024-03-21 09:13:12.000000000
BATCH_0304,AmoxiTab,Plant_B,Line_2,2024-04-23,6.97,71.49,1.08,5.98,241.0,88.7,Pass,2024-04-23 06:58:12.000000000
BATCH_0305,AmoxiTab,Plant_A,Line_2,2024-02-09,8.45,80.8,0.83,6.87,228.0,95.19,Pass,2024-02-09 08:27:00.000000000
BATCH_0306,MetforminXR,Plant_A,Line_1,2024-10-27,9.5,75.61,1.41,6.38,175.0,93.8,Pass,2024-10-27 09:30:00.000000000
BATCH_0307,AmoxiTab,Plant_A,Line_1,2024-08-11,6.14,72.58,1.54,6.81,166.0,93.4,Pass,2024-08-11 06:08:24.000000000
BATCH_0308,AtorvaCap,Plant_A,Line_3,2024-11-13,8.04,78.88,1.65,6.66,226.0,89.39,Pass,2024-11-13 08:02:24.000000000
BATCH_0309,AtorvaCap,Plant_A,Line_3,2024-12-14,6.98,63.08,1.55,7.64,188.0,97.17,Pass,2024-12-14 06:58:48.000000000
BATCH_0310,AmoxiTab,Plant_B,Line_1,2024-04-24,6.24,67.79,1.18,6.64,191.0,92.06,Pass,2024-04-24 06:14:24.000000000
BATCH_0311,AmoxiTab,Plant_A,Line_1,2024-07-04,5.7,72.54,1.71,7.54,240.0,101.52,Pass,2024-07-04 05:42:00.000000000
BATCH_0312,AtorvaCap,Plant_B,Line_3,2024-11-18,6.21,68.29,1.79,7.03,256.0,92.64,Pass,2024-11-18 06:12:36.000000000
BATCH_0313,AtorvaCap,Plant_B,Line_2,2024-02-25,8.09,72.1,1.14,6.48,197.0,82.67,Fail,2024-02-25 08:05:24.000000000
BATCH_0314,MetforminXR,Plant_A,Line_1,2024-02-09,5.58,79.27,1.45,6.93,219.0,82.49,Fail,2024-02-09 05:34:47.999999999
BATCH_0315,AtorvaCap,Plant_A,Line_3,2024-12-19,7.17,75.66,1.42,6.68,218.0,94.5,Pass,2024-12-19 07:10:12.000000000
BATCH_0316,MetforminXR,Plant_B,Line_2,2024-02-09,9.22,81.65,1.57,6.9,215.0,97.2,Pass,2024-02-09 09:13:12.000000000
BATCH_0317,MetforminXR,Plant_A,Line_1,2024-12-12,8.67,75.98,1.44,6.51,221.0,88.86,Pass,2024-12-12 08:40:12.000000000
BATCH_0318,MetforminXR,Plant_A,Line_2,2024-08-24,7.2,79.96,1.48,7.48,243.0,100.4,Pass,2024-08-24 07:12:00.000000000
BATCH_0319,MetforminXR,Plant_B,Line_3,2024-10-15,10.53,74.68,1.69,7.17,200.0,98.65,Pass,2024-10-15 10:31:48.000000000
BATCH_0320,MetforminXR,Plant_B,Line_1,2024-09-18,10.84,72.05,1.17,6.81,174.0,92.84,Pass,2024-09-18 10:50:24.000000000
BATCH_0321,AmoxiTab,Plant_A,Line_2,2024-08-03,8.04,82.4,1.72,7.49,271.0,94.16,Pass,2024-08-03 08:02:24.000000000
BATCH_0322,AtorvaCap,Plant_B,Line_1,2024-05-26,4.3,71.45,1.84,6.83,253.0,95.58,Pass,2024-05-26 04:18:00.000000000
BATCH_0323,MetforminXR,Plant_A,Line_2,2024-12-01,9.33,76.72,1.99,7.24,187.0,99.56,Pass,2024-12-01 09:19:48.000000000
BATCH_0324,AtorvaCap,Plant_A,Line_3,2024-06-16,4.56,78.84,0.86,6.82,224.0,94.73,Pass,2024-06-16 04:33:36.000000000
BATCH_0325,AtorvaCap,Plant_A,Line_3,2024-04-01,10.21,79.21,1.45,6.96,250.0,92.75,Pass,2024-04-01 10:12:36.000000000
BATCH_0326,MetforminXR,Plant_B,Line_1,2024-12-18,9.63,69.17,0.91,6.77,242.0,94.69,Pass,2024-12-18 09:37:48.000000000
BATCH_0327,AmoxiTab,Plant_B,Line_2,2024-02-28,10.66,80.26,0.77,6.84,234.0,94.15,Pass,2024-02-28 10:39:36.000000000
BATCH_0328,MetforminXR,Plant_B,Line_1,2024-02-28,8.39,70.11,1.54,6.87,215.0,95.7,Pass,2024-02-28 08:23:24.000000000
BATCH_0329,AmoxiTab,Plant_B,Line_1,2024-10-30,7.46,79.05,1.38,6.53,272.0,85.72,Pass,2024-10-30 07:27:36.000000000
BATCH_0330,AtorvaCap,Plant_B,Line_2,2024-06-17,7.32,77.68,1.59,6.64,227.0,93.26,Pass,2024-06-17 07:19:12.000000000
BATCH_0331,AmoxiTab,Plant_A,Line_2,2024-09-25,7.18,79.09,1.65,6.71,205.0,93.84,Pass,2024-09-25 07:10:48.000000000
BATCH_0332,AmoxiTab,Plant_A,Line_2,2024-12-28,9.47,68.97,1.87,6.89,246.0,91.71,Pass,2024-12-28 09:28:12.000000000
BATCH_0333,AmoxiTab,Plant_A,Line_3,2024-02-14,9.07,77.94,1.52,6.79,223.0,95.14,Pass,2024-02-14 09:04:12.000000000
BATCH_0334,AtorvaCap,Plant_A,Line_1,2024-12-10,8.18,80.43,2.38,7.27,230.0,99.68,Pass,2024-12-10 08:10:48.000000000
BATCH_0335,AtorvaCap,Plant_B,Line_1,2024-06-29,6.92,75.97,1.59,7.14,226.0,92.55,Pass,2024-06-29 06:55:12.000000000
BATCH_0336,AmoxiTab,Plant_A,Line_3,2024-06-18,11.94,70.91,2.05,6.72,235.0,94.77,Pass,2024-06-18 11:56:24.000000000
BATCH_0337,AmoxiTab,Plant_B,Line_2,2024-12-21,9.37,79.6,0.8,7.35,191.0,98.43,Pass,2024-12-21 09:22:12.000000000
BATCH_0338,MetforminXR,Plant_A,Line_3,2024-07-09,5.6,75.57,1.9,7.55,176.0,92.65,Pass,2024-07-09 05:36:00.000000000
BATCH_0339,AmoxiTab,Plant_B,Line_3,2024-06-03,7.23,66.63,1.45,5.98,263.0,88.45,Pass,2024-06-03 07:13:48.000000000
BATCH_0340,MetforminXR,Plant_B,Line_3,2024-07-06,9.4,70.52,0.92,7.17,227.0,94.46,Pass,2024-07-06 09:24:00.000000000
BATCH_0341,AmoxiTab,Plant_A,Line_1,2024-01-07,6.8,72.37,1.63,6.52,243.0,83.19,Fail,2024-01-07 06:48:00.000000000
BATCH_0342,MetforminXR,Plant_A,Line_3,2024-05-12,8.53,82.53,1.41,7.12,167.0,82.81,Fail,2024-05-12 08:31:48.000000000
BATCH_0343,AtorvaCap,Plant_A,Line_1,2024-08-22,9.43,81.65,1.67,7.3,252.0,93.33,Pass,2024-08-22 09:25:48.000000000
BATCH_0344,AmoxiTab,Plant_A,Line_1,2024-02-14,2.92,81.63,1.8,6.45,204.0,82.62,Fail,2024-02-14 02:55:12.000000000
BATCH_0345,AmoxiTab,Plant_B,Line_1,2024-11-09,7.84,76.16,1.05,6.06,196.0,86.74,Pass,2024-11-09 07:50:24.000000000
BATCH_0346,AmoxiTab,Plant_A,Line_2,2024-09-05,7.9,79.57,1.8,7.13,218.0,90.48,Pass,2024-09-05 07:54:00.000000000
BATCH_0347,AmoxiTab,Plant_A,Line_1,2024-01-31,7.38,69.3,1.5,6.85,191.0,89.11,Pass,2024-01-31 07:22:48.000000000
BATCH_0348,MetforminXR,Plant_B,Line_1,2024-01-23,8.45,75.03,1.91,6.13,220.0,91.41,Pass,2024-01-23 08:27:00.000000000
BATCH_0349,AmoxiTab,Plant_A,Line_2,2024-06-08,8.99,77.26,1.44,7.81,216.0,96.45,Pass,2024-06-08 08:59:24.000000000
BATCH_0350,AtorvaCap,Plant_A,Line_1,2024-12-28,8.21,69.63,1.36,7.05,252.0,92.95,Pass,2024-12-28 08:12:36.000000000
BATCH_0351,AtorvaCap,Plant_A,Line_3,2024-06-06,7.44,76.05,1.51,7.07,265.0,88.64,Pass,2024-06-06 07:26:24.000000000
BATCH_0352,AmoxiTab,Plant_A,Line_3,2024-02-08,8.95,83.43,1.53,7.35,264.0,97.42,Pass,2024-02-08 08:57:00.000000000
BATCH_0353,AtorvaCap,Plant_A,Line_1,2024-03-22,8.07,77.79,1.3,6.57,152.0,86.28,Pass,2024-03-22 08:04:12.000000000
BATCH_0354,AmoxiTab,Plant_B,Line_2,2024-12-21,7.65,79.59,1.35,6.85,192.0,92.89,Pass,2024-12-21 07:39:00.000000000
BATCH_0355,AmoxiTab,Plant_A,Line_3,2024-09-14,6.03,62.74,1.13,6.27,152.0,85.84,Pass,2024-09-14 06:01:48.000000000
BATCH_0356,AtorvaCap,Plant_A,Line_2,2024-07-24,5.66,82.79,1.37,6.56,184.0,93.01,Pass,2024-07-24 05:39:36.000000000
BATCH_0357,AmoxiTab,Plant_A,Line_2,2024-03-17,6.0,74.07,1.7,6.95,201.0,90.73,Pass,2024-03-17 06:00:00.000000000
BATCH_0358,AtorvaCap,Plant_A,Line_3,2024-01-12,8.42,71.16,1.46,6.13,232.0,96.33,Pass,2024-01-12 08:25:12.000000000
BATCH_0359,MetforminXR,Plant_A,Line_2,2024-10-21,7.88,74.13,1.8,6.55,204.0,94.88,Pass,2024-10-21 07:52:48.000000000
BATCH_0360,AmoxiTab,Plant_B,Line_3,2024-08-11,5.78,67.57,1.44,6.43,205.0,89.65,Pass,2024-08-11 05:46:48.000000000
BATCH_0361,MetforminXR,Plant_A,Line_2,2024-01-13,8.97,80.24,1.07,6.86,225.0,88.88,Pass,2024-01-13 08:58:12.000000000
BATCH_0362,AtorvaCap,Plant_B,Line_3,2024-02-15,10.06,73.32,1.68,7.03,169.0,90.74,Pass,2024-02-15 10:03:36.000000000
BATCH_0363,MetforminXR,Plant_B,Line_1,2024-06-03,7.1,71.31,1.3,7.1,195.0,99.5,Pass,2024-06-03 07:06:00.000000000
BATCH_0364,MetforminXR,Plant_A,Line_3,2024-04-22,5.39,74.16,1.43,7.2,205.0,98.48,Pass,2024-04-22 05:23:24.000000000
BATCH_0365,AtorvaCap,Plant_A,Line_3,2024-08-20,6.94,80.59,1.87,7.35,214.0,88.13,Pass,2024-08-20 06:56:24.000000000
BATCH_0366,MetforminXR,Plant_A,Line_3,2024-01-17,9.28,75.66,1.15,7.04,222.0,95.2,Pass,2024-01-17 09:16:48.000000000
BATCH_0367,MetforminXR,Plant_A,Line_3,2024-12-25,8.82,67.95,1.55,7.55,265.0,85.07,Pass,2024-12-25 08:49:12.000000000
BATCH_0368,AtorvaCap,Plant_B,Line_2,2024-08-10,6.62,77.32,1.49,6.85,247.0,90.21,Pass,2024-08-10 06:37:12.000000000
BATCH_0369,MetforminXR,Plant_A,Line_1,2024-12-19,10.28,70.36,1.71,6.73,197.0,88.29,Pass,2024-12-19 10:16:48.000000000
BATCH_0370,AtorvaCap,Plant_A,Line_3,2024-07-06,10.02,64.22,1.76,7.04,212.0,96.28,Pass,2024-07-06 10:01:12.000000000
BATCH_0371,MetforminXR,Plant_A,Line_2,2024-12-09,6.9,82.48,1.58,6.71,210.0,86.84,Pass,2024-12-09 06:54:00.000000000
BATCH_0372,AtorvaCap,Plant_A,Line_1,2024-12-30,6.89,77.29,1.39,7.54,205.0,93.72,Pass,2024-12-30 06:53:24.000000000
BATCH_0373,AtorvaCap,Plant_A,Line_1,2024-06-11,7.11,74.61,1.64,7.25,228.0,92.0,Pass,2024-06-11 07:06:36.000000000
BATCH_0374,MetforminXR,Plant_A,Line_1,2024-11-21,7.24,73.27,1.9,7.1,164.0,91.3,Pass,2024-11-21 07:14:24.000000000
BATCH_0375,MetforminXR,Plant_B,Line_1,2024-03-14,9.43,81.99,1.49,6.85,246.0,98.69,Pass,2024-03-14 09:25:48.000000000
BATCH_0376,MetforminXR,Plant_B,Line_3,2024-08-20,8.64,90.44,1.42,6.64,271.0,99.04,Pass,2024-08-20 08:38:24.000000000
BATCH_0377,AmoxiTab,Plant_A,Line_3,2024-08-11,9.32,77.24,1.62,7.08,212.0,91.42,Pass,2024-08-11 09:19:12.000000000
BATCH_0378,AmoxiTab,Plant_A,Line_2,2024-11-14,9.01,69.85,1.51,6.35,211.0,90.62,Pass,2024-11-14 09:00:36.000000000
BATCH_0379,AmoxiTab,Plant_A,Line_2,2024-02-29,10.57,74.23,1.1,7.41,225.0,85.97,Pass,2024-02-29 10:34:11.999999999
BATCH_0380,AtorvaCap,Plant_B,Line_2,2024-11-30,6.41,77.15,1.57,6.73,251.0,91.98,Pass,2024-11-30 06:24:36.000000000
BATCH_0381,MetforminXR,Plant_A,Line_1,2024-08-09,8.57,63.25,1.1,6.92,210.0,99.81,Pass,2024-08-09 08:34:11.999999999
BATCH_0382,AtorvaCap,Plant_B,Line_1,2024-02-06,4.74,76.67,1.61,6.44,248.0,91.49,Pass,2024-02-06 04:44:24.000000000
BATCH_0383,AmoxiTab,Plant_A,Line_3,2024-10-04,6.02,77.18,1.26,7.09,235.0,94.92,Pass,2024-10-04 06:01:12.000000000
BATCH_0384,MetforminXR,Plant_A,Line_1,2024-07-14,7.89,81.63,1.51,6.62,291.0,86.41,Pass,2024-07-14 07:53:24.000000000
BATCH_0385,AtorvaCap,Plant_A,Line_1,2024-12-17,8.63,81.11,1.62,7.06,210.0,90.26,Pass,2024-12-17 08:37:48.000000000
BATCH_0386,MetforminXR,Plant_A,Line_1,2024-08-29,7.85,75.56,2.24,7.1,161.0,93.85,Pass,2024-08-29 07:51:00.000000000
BATCH_0387,AtorvaCap,Plant_B,Line_2,2024-11-19,7.15,82.57,1.72,6.54,177.0,92.42,Pass,2024-11-19 07:09:00.000000000
BATCH_0388,MetforminXR,Plant_B,Line_2,2024-08-06,7.42,85.18,1.91,6.35,220.0,95.3,Pass,2024-08-06 07:25:12.000000000
BATCH_0389,AmoxiTab,Plant_A,Line_3,2024-07-10,10.05,75.14,2.06,7.41,251.0,89.59,Pass,2024-07-10 10:03:00.000000000
BATCH_0390,AmoxiTab,Plant_A,Line_1,2024-01-17,7.42,77.09,1.65,6.72,200.0,85.0,Pass,2024-01-17 07:25:12.000000000
BATCH_0391,MetforminXR,Plant_B,Line_1,2024-01-12,10.62,66.16,1.59,6.89,213.0,96.49,Pass,2024-01-12 10:37:12.000000000
BATCH_0392,AtorvaCap,Plant_B,Line_3,2024-07-11,9.19,67.75,1.18,6.99,241.0,88.26,Pass,2024-07-11 09:11:24.000000000
BATCH_0393,AmoxiTab,Plant_B,Line_1,2024-01-22,8.69,70.81,1.47,6.3,191.0,94.03,Pass,2024-01-22 08:41:24.000000000
BATCH_0394,AmoxiTab,Plant_B,Line_1,2024-04-29,6.21,72.78,1.28,6.99,202.0,93.8,Pass,2024-04-29 06:12:36.000000000
BATCH_0395,AmoxiTab,Plant_A,Line_2,2024-07-28,9.4,69.52,1.38,6.84,185.0,85.34,Pass,2024-07-28 09:24:00.000000000
BATCH_0396,MetforminXR,Plant_B,Line_3,2024-11-01,7.26,74.82,2.06,6.54,255.0,96.2,Pass,2024-11-01 07:15:36.000000000
BATCH_0397,MetforminXR,Plant_A,Line_3,2024-09-26,6.21,72.93,1.53,6.34,266.0,89.73,Pass,2024-09-26 06:12:36.000000000
BATCH_0398,AtorvaCap,Plant_B,Line_3,2024-07-10,8.77,80.35,1.24,7.04,173.0,92.22,Pass,2024-07-10 08:46:12.000000000
BATCH_0399,AtorvaCap,Plant_B,Line_3,2024-06-23,5.92,72.63,1.91,7.25,216.0,90.57,Pass,2024-06-23 05:55:12.000000000
BATCH_0400,AtorvaCap,Plant_B,Line_2,2024-10-11,6.86,63.57,1.79,6.87,262.0,98.49,Pass,2024-10-11 06:51:36.000000000
BATCH_0401,MetforminXR,Plant_B,Line_2,2024-07-22,7.98,75.63,1.8,6.23,232.0,97.37,Pass,2024-07-22 07:58:48.000000000
BATCH_0402,MetforminXR,Plant_B,Line_1,2024-06-12,11.33,74.93,0.9,6.38,205.0,84.75,Fail,2024-06-12 11:19:48.000000000
BATCH_0403,AtorvaCap,Plant_A,Line_1,2024-09-07,6.97,70.69,2.08,6.63,174.0,101.04,Pass,2024-09-07 06:58:12.000000000
BATCH_0404,AtorvaCap,Plant_A,Line_1,2024-08-14,7.31,75.47,1.33,7.43,255.0,89.29,Pass,2024-08-14 07:18:36.000000000
BATCH_0405,MetforminXR,Plant_B,Line_1,2024-01-07,9.1,69.62,1.73,6.7,231.0,100.41,Pass,2024-01-07 09:06:00.000000000
BATCH_0406,AtorvaCap,Plant_B,Line_2,2024-01-29,6.14,76.65,2.26,6.61,176.0,90.98,Pass,2024-01-29 06:08:24.000000000
BATCH_0407,AmoxiTab,Plant_A,Line_3,2024-02-02,8.66,88.16,2.15,6.13,256.0,90.64,Pass,2024-02-02 08:39:36.000000000
BATCH_0408,MetforminXR,Plant_B,Line_2,2024-05-13,9.81,65.97,1.21,6.54,172.0,91.01,Pass,2024-05-13 09:48:36.000000000
BATCH_0409,AtorvaCap,Plant_B,Line_1,2024-03-19,7.54,72.42,1.07,6.31,213.0,90.4,Pass,2024-03-19 07:32:24.000000000
BATCH_0410,MetforminXR,Plant_A,Line_2,2024-02-27,9.54,71.62,1.93,6.4,212.0,102.1,Pass,2024-02-27 09:32:24.000000000
BATCH_0411,AmoxiTab,Plant_B,Line_3,2024-01-26,8.44,72.83,1.54,6.85,269.0,91.69,Pass,2024-01-26 08:26:24.000000000
BATCH_0412,MetforminXR,Plant_B,Line_3,2024-08-13,6.9,80.1,1.35,6.64,212.0,90.79,Pass,2024-08-13 06:54:00.000000000
BATCH_0413,MetforminXR,Plant_A,Line_2,2024-10-11,7.7,77.71,1.69,7.48,212.0,92.31,Pass,2024-10-11 07:42:00.000000000
BATCH_0414,MetforminXR,Plant_A,Line_2,2024-01-04,7.43,79.24,1.45,7.23,179.0,88.13,Pass,2024-01-04 07:25:48.000000000
BATCH_0415,MetforminXR,Plant_A,Line_2,2024-04-08,7.87,75.15,1.71,6.56,201.0,98.39,Pass,2024-04-08 07:52:12.000000000
BATCH_0416,AmoxiTab,Plant_B,Line_1,2024-02-08,8.23,68.39,1.52,6.43,195.0,86.12,Pass,2024-02-08 08:13:48.000000000
BATCH_0417,MetforminXR,Plant_A,Line_2,2024-09-27,8.88,69.43,1.72,7.35,197.0,89.54,Pass,2024-09-27 08:52:48.000000000
BATCH_0418,MetforminXR,Plant_A,Line_2,2024-10-11,8.76,78.73,1.23,7.46,220.0,95.75,Pass,2024-10-11 08:45:36.000000000
BATCH_0419,AtorvaCap,Plant_A,Line_2,2024-06-05,4.35,75.85,1.93,5.92,147.0,92.17,Pass,2024-06-05 04:21:00.000000000
BATCH_0420,MetforminXR,Plant_A,Line_3,2024-03-15,7.85,81.3,1.71,6.84,175.0,94.2,Pass,2024-03-15 07:51:00.000000000
BATCH_0421,AtorvaCap,Plant_A,Line_3,2024-10-14,5.74,76.47,1.69,6.7,217.0,98.13,Pass,2024-10-14 05:44:24.000000000
BATCH_0422,AmoxiTab,Plant_A,Line_1,2024-05-09,7.59,69.08,1.16,7.06,224.0,96.02,Pass,2024-05-09 07:35:24.000000000
BATCH_0423,AmoxiTab,Plant_B,Line_1,2024-06-23,7.81,72.39,2.01,7.58,213.0,92.55,Pass,2024-06-23 07:48:36.000000000
BATCH_0424,AmoxiTab,Plant_B,Line_3,2024-03-24,9.46,77.82,1.5,6.61,219.0,100.36,Pass,2024-03-24 09:27:36.000000000
BATCH_0425,AmoxiTab,Plant_A,Line_3,2024-01-22,7.95,78.55,1.72,5.98,208.0,89.49,Pass,2024-01-22 07:57:00.000000000
BATCH_0426,AtorvaCap,Plant_A,Line_3,2024-01-27,8.39,79.28,1.4,7.03,219.0,91.6,Pass,2024-01-27 08:23:24.000000000
BATCH_0427,MetforminXR,Plant_A,Line_2,2024-07-13,9.19,69.76,1.58,7.36,233.0,91.88,Pass,2024-07-13 09:11:24.000000000
BATCH_0428,AmoxiTab,Plant_B,Line_2,2024-12-02,9.84,68.99,1.59,6.68,233.0,91.59,Pass,2024-12-02 09:50:24.000000000
BATCH_0429,MetforminXR,Plant_B,Line_3,2024-08-23,7.82,74.05,0.65,6.52,199.0,87.72,Pass,2024-08-23 07:49:12.000000000
BATCH_0430,AtorvaCap,Plant_B,Line_2,2024-04-01,8.14,82.2,1.67,6.63,247.0,85.67,Pass,2024-04-01 08:08:24.000000000
BATCH_0431,AtorvaCap,Plant_B,Line_2,2024-01-21,8.02,71.53,2.09,7.14,225.0,93.67,Pass,2024-01-21 08:01:12.000000000
BATCH_0432,AtorvaCap,Plant_B,Line_1,2024-10-29,7.19,77.27,1.66,6.62,257.0,89.47,Pass,2024-10-29 07:11:24.000000000
BATCH_0433,AmoxiTab,Plant_B,Line_3,2024-12-22,6.85,77.28,1.21,6.93,263.0,99.63,Pass,2024-12-22 06:51:00.000000000
BATCH_0434,MetforminXR,Plant_B,Line_3,2024-03-24,4.59,78.8,1.69,6.81,177.0,91.71,Pass,2024-03-24 04:35:24.000000000
BATCH_0435,MetforminXR,Plant_B,Line_2,2024-09-18,6.39,83.32,1.82,6.77,194.0,90.99,Pass,2024-09-18 06:23:24.000000000
BATCH_0436,MetforminXR,Plant_B,Line_3,2024-05-26,5.33,82.81,1.65,7.08,244.0,96.38,Pass,2024-05-26 05:19:48.000000000
BATCH_0437,AtorvaCap,Plant_A,Line_1,2024-09-13,9.88,72.03,1.48,6.61,170.0,93.61,Pass,2024-09-13 09:52:48.000000000
BATCH_0438,AmoxiTab,Plant_A,Line_1,2024-02-27,8.28,64.51,1.43,6.63,263.0,91.3,Pass,2024-02-27 08:16:48.000000000
BATCH_0439,AtorvaCap,Plant_A,Line_1,2024-01-15,7.81,71.61,1.43,7.12,210.0,89.44,Pass,2024-01-15 07:48:36.000000000
BATCH_0440,AtorvaCap,Plant_A,Line_3,2024-06-10,6.92,75.38,1.71,6.41,237.0,106.63,Pass,2024-06-10 06:55:12.000000000
BATCH_0441,MetforminXR,Plant_B,Line_3,2024-06-11,8.04,73.19,1.08,6.45,217.0,93.45,Pass,2024-06-11 08:02:24.000000000
BATCH_0442,AtorvaCap,Plant_B,Line_3,2024-11-15,6.73,84.84,1.39,6.3,178.0,96.34,Pass,2024-11-15 06:43:48.000000000
BATCH_0443,MetforminXR,Plant_A,Line_3,2024-10-07,8.26,75.09,1.98,7.14,252.0,87.91,Pass,2024-10-07 08:15:36.000000000
BATCH_0444,AmoxiTab,Plant_B,Line_3,2024-10-06,8.37,78.27,1.99,6.76,303.0,89.69,Pass,2024-10-06 08:22:12.000000000
BATCH_0445,MetforminXR,Plant_A,Line_1,2024-01-12,6.71,76.09,1.06,6.27,205.0,100.45,Pass,2024-01-12 06:42:36.000000000
BATCH_0446,AmoxiTab,Plant_B,Line_2,2024-09-30,6.68,73.27,1.16,7.14,210.0,97.59,Pass,2024-09-30 06:40:48.000000000
BATCH_0447,MetforminXR,Plant_A,Line_1,2024-09-27,9.44,65.38,1.42,6.58,141.0,93.83,Pass,2024-09-27 09:26:24.000000000
BATCH_0448,AtorvaCap,Plant_B,Line_3,2024-07-26,7.92,74.61,1.77,6.45,261.0,90.47,Pass,2024-07-26 07:55:12.000000000
BATCH_0449,AtorvaCap,Plant_B,Line_1,2024-01-27,6.83,91.27,0.95,6.72,247.0,91.06,Pass,2024-01-27 06:49:48.000000000
BATCH_0450,AmoxiTab,Plant_A,Line_3,2024-03-12,7.44,68.78,1.48,7.39,168.0,89.3,Pass,2024-03-12 07:26:24.000000000
BATCH_0451,AmoxiTab,Plant_B,Line_3,2024-02-29,6.48,65.93,1.36,6.64,158.0,87.37,Pass,2024-02-29 06:28:48.000000000
BATCH_0452,AmoxiTab,Plant_A,Line_1,2024-05-24,7.9,84.68,1.9,7.03,162.0,95.7,Pass,2024-05-24 07:54:00.000000000
BATCH_0453,MetforminXR,Plant_A,Line_3,2024-04-02,9.25,78.71,1.0,7.09,239.0,94.16,Pass,2024-04-02 09:15:00.000000000
BATCH_0454,MetforminXR,Plant_A,Line_2,2024-11-04,7.96,75.94,1.53,6.98,242.0,94.94,Pass,2024-11-04 07:57:36.000000000
BATCH_0455,AmoxiTab,Plant_A,Line_3,2024-01-08,11.55,81.81,1.38,7.31,192.0,90.65,Pass,2024-01-08 11:33:00.000000000
BATCH_0456,AtorvaCap,Plant_B,Line_2,2024-03-19,8.63,70.84,1.94,6.52,235.0,93.02,Pass,2024-03-19 08:37:48.000000000
BATCH_0457,MetforminXR,Plant_B,Line_2,2024-01-27,8.34,74.47,1.68,6.38,225.0,90.27,Pass,2024-01-27 08:20:24.000000000
BATCH_0458,MetforminXR,Plant_B,Line_3,2024-06-22,6.64,79.78,1.32,6.37,209.0,89.09,Pass,2024-06-22 06:38:24.000000000
BATCH_0459,MetforminXR,Plant_A,Line_1,2024-02-19,7.64,85.55,1.76,6.74,249.0,98.67,Pass,2024-02-19 07:38:24.000000000
BATCH_0460,AmoxiTab,Plant_B,Line_2,2024-07-17,6.83,69.16,1.38,6.42,184.0,92.49,Pass,2024-07-17 06:49:48.000000000
BATCH_0461,AmoxiTab,Plant_A,Line_1,2024-12-14,4.75,81.4,1.8,6.86,254.0,94.03,Pass,2024-12-14 04:45:00.000000000
BATCH_0462,AmoxiTab,Plant_B,Line_2,2024-06-29,9.46,76.91,1.43,6.83,198.0,95.34,Pass,2024-06-29 09:27:36.000000000
BATCH_0463,AmoxiTab,Plant_B,Line_3,2024-01-24,7.23,75.82,1.82,7.21,273.0,92.54,Pass,2024-01-24 07:13:48.000000000
BATCH_0464,AmoxiTab,Plant_B,Line_3,2024-11-11,6.86,74.96,1.63,6.92,190.0,92.96,Pass,2024-11-11 06:51:36.000000000
BATCH_0465,AtorvaCap,Plant_A,Line_2,2024-02-15,8.32,68.08,2.48,6.63,209.0,87.65,Pass,2024-02-15 08:19:12.000000000
BATCH_0466,AtorvaCap,Plant_B,Line_3,2024-01-15,8.77,79.82,1.48,6.96,222.0,88.42,Pass,2024-01-15 08:46:12.000000000
BATCH_0467,AmoxiTab,Plant_B,Line_2,2024-06-01,7.52,71.09,1.61,6.39,222.0,88.21,Pass,2024-06-01 07:31:12.000000000
BATCH_0468,MetforminXR,Plant_A,Line_3,2024-08-09,8.0,69.6,1.36,6.78,235.0,94.42,Pass,2024-08-09 08:00:00.000000000
BATCH_0469,AmoxiTab,Plant_B,Line_1,2024-07-24,9.12,79.43,1.5,6.93,181.0,92.28,Pass,2024-07-24 09:07:12.000000000
BATCH_0470,AtorvaCap,Plant_A,Line_3,2024-09-29,7.46,78.95,0.69,6.85,219.0,88.42,Pass,2024-09-29 07:27:36.000000000
BATCH_0471,AtorvaCap,Plant_B,Line_1,2024-08-23,8.45,75.4,1.64,6.97,224.0,94.32,Pass,2024-08-23 08:27:00.000000000
BATCH_0472,MetforminXR,Plant_A,Line_3,2024-12-05,5.51,80.4,1.9,6.54,204.0,94.17,Pass,2024-12-05 05:30:36.000000000
BATCH_0473,AtorvaCap,Plant_A,Line_1,2024-08-15,6.14,82.13,1.62,7.26,232.0,89.22,Pass,2024-08-15 06:08:24.000000000
BATCH_0474,AmoxiTab,Plant_B,Line_3,2024-01-09,8.91,81.54,1.11,7.53,180.0,91.89,Pass,2024-01-09 08:54:36.000000000
BATCH_0475,MetforminXR,Plant_A,Line_1,2024-06-14,6.06,72.36,1.26,6.16,210.0,94.19,Pass,2024-06-14 06:03:36.000000000
BATCH_0476,AmoxiTab,Plant_A,Line_2,2024-11-14,8.35,80.07,0.77,6.31,197.0,88.57,Pass,2024-11-14 08:21:00.000000000
BATCH_0477,AmoxiTab,Plant_A,Line_2,2024-08-01,7.78,76.06,1.79,6.82,210.0,94.26,Pass,2024-08-01 07:46:48.000000000
BATCH_0478,MetforminXR,Plant_A,Line_1,2024-04-26,7.45,83.63,1.2,6.7,263.0,93.2,Pass,2024-04-26 07:27:00.000000000
BATCH_0479,AmoxiTab,Plant_A,Line_3,2024-12-09,6.76,74.38,1.49,7.56,264.0,88.0,Pass,2024-12-09 06:45:36.000000000
BATCH_0480,AtorvaCap,Plant_A,Line_1,2024-03-12,9.36,73.22,1.45,6.89,258.0,92.88,Pass,2024-03-12 09:21:36.000000000
BATCH_0481,AmoxiTab,Plant_B,Line_3,2024-03-04,10.59,71.93,1.95,7.36,206.0,93.46,Pass,2024-03-04 10:35:24.000000000
BATCH_0482,MetforminXR,Plant_A,Line_2,2024-07-23,8.45,75.95,1.53,5.98,247.0,89.5,Pass,2024-07-23 08:27:00.000000000
BATCH_0483,MetforminXR,Plant_A,Line_3,2024-07-27,8.48,77.33,1.74,7.13,223.0,89.81,Pass,2024-07-27 08:28:48.000000000
BATCH_0484,MetforminXR,Plant_B,Line_2,2024-03-12,6.98,77.43,1.66,6.51,221.0,87.97,Pass,2024-03-12 06:58:48.000000000
BATCH_0485,AmoxiTab,Plant_B,Line_3,2024-10-03,6.21,76.75,1.91,6.51,218.0,90.2,Pass,2024-10-03 06:12:36.000000000
BATCH_0486,MetforminXR,Plant_B,Line_3,2024-09-30,7.94,78.36,1.43,6.7,273.0,91.95,Pass,2024-09-30 07:56:24.000000000
BATCH_0487,MetforminXR,Plant_B,Line_3,2024-11-15,6.54,73.89,2.06,6.23,261.0,89.82,Pass,2024-11-15 06:32:24.000000000
BATCH_0488,AmoxiTab,Plant_B,Line_1,2024-12-03,5.34,70.64,0.9,6.98,242.0,86.06,Pass,2024-12-03 05:20:24.000000000
BATCH_0489,AtorvaCap,Plant_B,Line_1,2024-04-04,9.21,70.2,1.76,6.88,215.0,89.25,Pass,2024-04-04 09:12:36.000000000
BATCH_0490,AmoxiTab,Plant_B,Line_2,2024-06-14,9.28,79.88,1.24,6.91,221.0,90.33,Pass,2024-06-14 09:16:48.000000000
BATCH_0491,MetforminXR,Plant_A,Line_2,2024-02-01,6.71,77.35,1.35,7.15,236.0,95.27,Pass,2024-02-01 06:42:36.000000000
BATCH_0492,MetforminXR,Plant_A,Line_1,2024-01-11,8.37,65.72,1.67,7.41,204.0,94.38,Pass,2024-01-11 08:22:12.000000000
BATCH_0493,AmoxiTab,Plant_B,Line_2,2024-10-27,9.5,80.48,1.67,6.65,248.0,95.34,Pass,2024-10-27 09:30:00.000000000
BATCH_0494,AtorvaCap,Plant_A,Line_1,2024-08-04,8.31,84.4,1.68,6.99,192.0,89.04,Pass,2024-08-04 08:18:36.000000000
BATCH_0495,MetforminXR,Plant_A,Line_3,2024-10-15,6.21,71.42,1.08,6.92,232.0,92.57,Pass,2024-10-15 06:12:36.000000000
BATCH_0496,MetforminXR,Plant_A,Line_2,2024-04-11,7.65,76.68,1.93,6.95,151.0,82.31,Fail,2024-04-11 07:39:00.000000000
BATCH_0497,MetforminXR,Plant_B,Line_2,2024-09-23,9.99,72.63,1.23,6.96,203.0,93.72,Pass,2024-09-23 09:59:24.000000000
BATCH_0498,AmoxiTab,Plant_B,Line_1,2024-08-01,8.37,78.14,1.27,7.44,282.0,94.44,Pass,2024-08-01 08:22:12.000000000
BATCH_0499,MetforminXR,Plant_A,Line_2,2024-06-27,8.81,69.17,1.69,6.62,251.0,90.59,Pass,2024-06-27 08:48:36.000000000
BATCH_0500,AtorvaCap,Plant_B,Line_2,2024-03-28,8.51,74.64,1.41,6.19,266.0,93.18,Pass,2024-03-28 08:30:36.000000000
