Batch_ID,Sample_ID,Instrument_Type,Retention_Time,Impurity_A,Impurity_B,Total_Impurity,Purity,Test_Date
BATCH_0001,SMP_00000,HPLC,5.081,0.0985,0.0468,0.1453,98.547,2024-08-09
BATCH_0002,SMP_00001,UPLC,5.228,0.1699,0.1567,0.3266,96.734,2024-03-31
BATCH_0003,SMP_00002,HPLC,5.271,0.3265,0.1627,0.4892,95.108,2024-06-15
BATCH_0004,SMP_00003,UPLC,5.603,0.3011,0.2016,0.5027,94.973,2024-07-25
BATCH_0005,SMP_00004,UPLC,5.393,0.2088,0.074,0.2828,97.172,2024-10-08
BATCH_0006,SMP_00005,HPLC,5.548,0.3311,0.2235,0.5546,94.454,2024-03-05
BATCH_0007,SMP_00006,UPLC,4.931,0.2638,0.3329,0.5967,94.033,2024-01-04
BATCH_0008,SMP_00007,HPLC,5.131,0.1996,0.218,0.4176,95.824,2024-06-05
BATCH_0009,SMP_00008,HPLC,5.248,0.2317,0.1874,0.4191,95.809,2024-09-05
BATCH_0010,SMP_00009,HPLC,4.816,0.2045,0.0698,0.2743,97.257,2024-09-13
BATCH_0011,SMP_00010,UPLC,5.436,0.1316,0.1181,0.2497,97.503,2024-08-22
BATCH_0012,SMP_00011,UPLC,5.328,0.3757,0.1755,0.5512,94.488,2024-11-01
BATCH_0013,SMP_00012,UPLC,5.127,0.1932,0.1376,0.3308,96.692,2024-03-14
BATCH_0014,SMP_00013,HPLC,5.163,0.1668,0.2621,0.4289,95.711,2024-07-05
BATCH_0015,SMP_00014,HPLC,5.451,0.0971,0.2227,0.3198,96.802,2024-03-02
BATCH_0016,SMP_00015,HPLC,5.041,0.0136,0.3954,0.409,95.91,2024-12-02
BATCH_0017,SMP_00016,UPLC,5.459,0.3201,0.1015,0.4216,95.784,2024-06-12
BATCH_0018,SMP_00017,HPLC,5.15,0.3294,0.1826,0.512,94.88,2024-02-25
BATCH_0019,SMP_00018,HPLC,5.351,0.3693,0.0693,0.4386,95.614,2024-04-20
BATCH_0020,SMP_00019,UPLC,5.217,0.2351,0.0022,0.2373,97.627,2024-08-05
BATCH_0021,SMP_00020,UPLC,5.647,0.2178,0.2378,0.4556,95.444,2024-08-27
BATCH_0022,SMP_00021,UPLC,5.023,0.1992,0.2197,0.4189,95.811,2024-01-21
BATCH_0023,SMP_00022,HPLC,5.085,0.2083,0.1116,0.3199,96.801,2024-05-20
BATCH_0024,SMP_00023,HPLC,4.899,0.362,0.1874,0.5494,94.506,2024-09-21
BATCH_0025,SMP_00024,HPLC,4.981,0.2473,0.1297,0.377,96.23,2024-05-18
BATCH_0026,SMP_00025,UPLC,5.343,0.2878,0.1405,0.4283,95.717,2024-03-10
BATCH_0027,SMP_00026,UPLC,5.52,0.2058,0.1544,0.3602,96.398,2024-04-27
BATCH_0028,SMP_00027,UPLC,5.365,0.3821,0.1083,0.4904,95.096,2024-07-16
BATCH_0029,SMP_00028,UPLC,5.199,0.0595,0.1227,0.1822,98.178,2024-07-23
BATCH_0030,SMP_00029,HPLC,5.021,0.1279,0.1249,0.2528,97.472,2024-08-01
BATCH_0031,SMP_00030,HPLC,5.38,0.288,0.2138,0.5018,94.982,2024-02-25
BATCH_0032,SMP_00031,HPLC,5.01,0.4251,0.0419,0.467,95.33,2024-10-13
BATCH_0033,SMP_00032,HPLC,4.93,0.2275,0.1618,0.3893,96.107,2024-10-19
BATCH_0034,SMP_00033,HPLC,5.138,0.1658,0.093,0.2588,97.412,2024-06-23
BATCH_0035,SMP_00034,HPLC,4.793,0.3501,0.0959,0.446,95.54,2024-12-12
BATCH_0036,SMP_00035,HPLC,4.924,0.2824,0.1379,0.4203,95.797,2024-05-07
BATCH_0037,SMP_00036,HPLC,5.577,0.379,0.1789,0.5579,94.421,2024-11-20
BATCH_0038,SMP_00037,UPLC,4.887,0.121,0.1628,0.2838,97.162,2024-10-18
BATCH_0039,SMP_00038,UPLC,4.962,0.3712,0.0949,0.4661,95.339,2024-10-14
BATCH_0040,SMP_00039,HPLC,5.214,0.0952,0.2377,0.3329,96.671,2024-08-13
BATCH_0041,SMP_00040,UPLC,5.225,0.2212,0.1078,0.329,96.71,2024-03-04
BATCH_0042,SMP_00041,HPLC,5.153,0.2913,0.1212,0.4125,95.875,2024-02-17
BATCH_0043,SMP_00042,HPLC,4.799,0.2686,0.2028,0.4714,95.286,2024-07-20
BATCH_0044,SMP_00043,UPLC,5.37,0.3561,0.2056,0.5617,94.383,2024-12-02
BATCH_0045,SMP_00044,HPLC,5.111,0.0673,0.1311,0.1984,98.016,2024-02-29
BATCH_0046,SMP_00045,HPLC,5.444,0.2641,0.0549,0.319,96.81,2024-09-13
BATCH_0047,SMP_00046,HPLC,5.071,0.37,0.1092,0.4792,95.208,2024-03-05
BATCH_0048,SMP_00047,HPLC,5.396,0.2559,0.193,0.4489,95.511,2024-08-26
BATCH_0049,SMP_00048,HPLC,5.459,0.1358,0.2351,0.3709,96.291,2024-10-15
BATCH_0050,SMP_00049,HPLC,5.107,0.3508,0.1737,0.5245,94.755,2024-02-07
BATCH_0051,SMP_00050,HPLC,5.376,0.1852,0.1417,0.3269,96.731,2024-01-25
BATCH_0052,SMP_00051,UPLC,4.934,0.1676,0.3635,0.5311,94.689,2024-02-28
BATCH_0053,SMP_00052,UPLC,5.253,0.155,0.1502,0.3052,96.948,2024-12-22
BATCH_0054,SMP_00053,HPLC,5.444,0.2301,0.229,0.4591,95.409,2024-10-23
BATCH_0055,SMP_00054,UPLC,5.304,0.2683,0.0732,0.3415,96.585,2024-06-06
BATCH_0056,SMP_00055,HPLC,5.681,0.1231,0.0928,0.2159,97.841,2024-02-26
BATCH_0057,SMP_00056,HPLC,5.315,0.1436,0.2318,0.3754,96.246,2024-02-17
BATCH_0058,SMP_00057,HPLC,5.127,0.1806,0.2636,0.4442,95.558,2024-11-23
BATCH_0059,SMP_00058,HPLC,5.768,0.1545,0.1488,0.3033,96.967,2024-02-25
BATCH_0060,SMP_00059,UPLC,5.527,0.2537,0.0321,0.2858,97.142,2024-03-05
BATCH_0061,SMP_00060,UPLC,4.879,0.2861,0.1666,0.4527,95.473,2024-09-24
BATCH_0062,SMP_00061,UPLC,5.043,0.2724,0.1952,0.4676,95.324,2024-03-09
BATCH_0063,SMP_00062,UPLC,4.992,0.2725,0.1879,0.4604,95.396,2024-08-03
BATCH_0064,SMP_00063,HPLC,5.329,0.4171,0.1349,0.552,94.48,2024-03-29
BATCH_0065,SMP_00064,UPLC,5.314,0.2924,0.1678,0.4602,95.398,2024-10-07
BATCH_0066,SMP_00065,HPLC,5.313,0.3284,0.12,0.4484,95.516,2024-09-13
BATCH_0067,SMP_00066,HPLC,4.874,0.2085,0.0911,0.2996,97.004,2024-06-08
BATCH_0068,SMP_00067,UPLC,5.072,0.3444,0.2405,0.5849,94.151,2024-08-21
BATCH_0069,SMP_00068,HPLC,5.17,0.2038,0.1878,0.3916,96.084,2024-05-10
BATCH_0070,SMP_00069,UPLC,4.836,0.2911,0.1679,0.459,95.41,2024-02-18
BATCH_0071,SMP_00070,UPLC,5.026,0.1129,0.1394,0.2523,97.477,2024-05-26
BATCH_0072,SMP_00071,UPLC,5.471,0.2666,0.1656,0.4322,95.678,2024-11-11
BATCH_0073,SMP_00072,UPLC,4.889,0.1525,0.1928,0.3453,96.547,2024-01-02
BATCH_0074,SMP_00073,UPLC,5.491,0.3436,0.3183,0.6619,93.381,2024-11-24
BATCH_0075,SMP_00074,HPLC,5.418,0.3376,0.2324,0.57,94.3,2024-05-24
BATCH_0076,SMP_00075,UPLC,5.142,0.2033,0.1267,0.33,96.7,2024-03-01
BATCH_0077,SMP_00076,UPLC,5.07,0.455,0.1275,0.5825,94.175,2024-09-29
BATCH_0078,SMP_00077,HPLC,5.366,0.2214,0.1151,0.3365,96.635,2024-02-18
BATCH_0079,SMP_00078,UPLC,5.042,0.0888,0.164,0.2528,97.472,2024-11-27
BATCH_0080,SMP_00079,UPLC,5.052,0.1721,0.115,0.2871,97.129,2024-05-10
BATCH_0081,SMP_00080,HPLC,5.195,0.1456,0.218,0.3636,96.364,2024-02-12
BATCH_0082,SMP_00081,HPLC,4.774,0.288,0.0315,0.3195,96.805,2024-02-26
BATCH_0083,SMP_00082,UPLC,4.91,0.1265,0.2228,0.3493,96.507,2024-02-19
BATCH_0084,SMP_00083,HPLC,5.137,0.1961,0.202,0.3981,96.019,2024-06-26
BATCH_0085,SMP_00084,UPLC,5.295,0.2815,0.281,0.5625,94.375,2024-10-19
BATCH_0086,SMP_00085,HPLC,5.04,0.2639,0.2501,0.514,94.86,2024-02-15
BATCH_0087,SMP_00086,UPLC,5.16,0.2487,0.1253,0.374,96.26,2024-06-18
BATCH_0088,SMP_00087,UPLC,4.877,0.2626,0.2411,0.5037,94.963,2024-09-27
BATCH_0089,SMP_00088,UPLC,5.386,0.2129,0.1666,0.3795,96.205,2024-12-01
BATCH_0090,SMP_00089,HPLC,5.244,0.0896,0.0253,0.1149,98.851,2024-05-18
BATCH_0091,SMP_00090,UPLC,5.262,0.2103,0.1927,0.403,95.97,2024-09-03
BATCH_0092,SMP_00091,HPLC,5.298,0.2969,0.1301,0.427,95.73,2024-05-27
BATCH_0093,SMP_00092,UPLC,5.216,0.2363,0.18,0.4163,95.837,2024-08-17
BATCH_0094,SMP_00093,UPLC,5.103,0.2891,0.3121,0.6012,93.988,2024-10-06
BATCH_0095,SMP_00094,UPLC,5.426,0.1913,0.198,0.3893,96.107,2024-05-04
BATCH_0096,SMP_00095,UPLC,5.231,0.3494,0.0986,0.448,95.52,2024-07-10
BATCH_0097,SMP_00096,UPLC,5.167,0.0056,0.2572,0.2628,97.372,2024-03-20
BATCH_0098,SMP_00097,HPLC,5.198,0.2641,0.209,0.4731,95.269,2024-04-03
BATCH_0099,SMP_00098,HPLC,5.194,0.3849,0.0892,0.4741,95.259,2024-08-13
BATCH_0100,SMP_00099,HPLC,5.165,0.3998,0.0515,0.4513,95.487,2024-03-05
BATCH_0101,SMP_00100,UPLC,5.289,0.2268,0.1018,0.3286,96.714,2024-03-28
BATCH_0102,SMP_00101,UPLC,5.013,0.1174,0.2469,0.3643,96.357,2024-03-28
BATCH_0103,SMP_00102,HPLC,5.027,0.3866,0.1559,0.5425,94.575,2024-07-19
BATCH_0104,SMP_00103,UPLC,5.312,0.2448,0.1865,0.4313,95.687,2024-08-01
BATCH_0105,SMP_00104,UPLC,5.171,0.2341,0.0729,0.307,96.93,2024-07-22
BATCH_0106,SMP_00105,UPLC,5.394,0.1607,0.2491,0.4098,95.902,2024-03-29
BATCH_0107,SMP_00106,HPLC,5.282,0.125,0.0188,0.1438,98.562,2024-03-01
BATCH_0108,SMP_00107,HPLC,5.089,0.3064,0.1276,0.434,95.66,2024-09-27
BATCH_0109,SMP_00108,HPLC,5.315,0.317,0.2135,0.5305,94.695,2024-04-03
BATCH_0110,SMP_00109,HPLC,5.439,0.2702,0.0902,0.3604,96.396,2024-11-02
BATCH_0111,SMP_00110,HPLC,5.289,0.1736,0.2291,0.4027,95.973,2024-01-27
BATCH_0112,SMP_00111,UPLC,5.333,0.1435,0.1105,0.254,97.46,2024-08-01
BATCH_0113,SMP_00112,UPLC,5.166,0.1068,0.0819,0.1887,98.113,2024-03-14
BATCH_0114,SMP_00113,UPLC,5.399,0.1939,0.2829,0.4768,95.232,2024-03-01
BATCH_0115,SMP_00114,UPLC,5.084,0.1494,0.1923,0.3417,96.583,2024-07-04
BATCH_0116,SMP_00115,HPLC,5.268,0.0791,0.2215,0.3006,96.994,2024-01-31
BATCH_0117,SMP_00116,HPLC,5.714,0.3151,0.2615,0.5766,94.234,2024-08-06
BATCH_0118,SMP_00117,UPLC,5.308,0.1181,0.0295,0.1476,98.524,2024-01-12
BATCH_0119,SMP_00118,HPLC,5.116,0.3484,0.2308,0.5792,94.208,2024-10-28
BATCH_0120,SMP_00119,UPLC,5.115,0.2894,0.1191,0.4085,95.915,2024-02-01
BATCH_0121,SMP_00120,UPLC,5.186,0.2794,0.1297,0.4091,95.909,2024-06-08
BATCH_0122,SMP_00121,UPLC,5.37,0.4165,0.215,0.6315,93.685,2024-08-24
BATCH_0123,SMP_00122,UPLC,5.229,0.1214,0.151,0.2724,97.276,2024-08-14
BATCH_0124,SMP_00123,HPLC,5.07,0.3374,0.2276,0.565,94.35,2024-06-29
BATCH_0125,SMP_00124,UPLC,5.07,0.2202,0.1767,0.3969,96.031,2024-11-12
BATCH_0126,SMP_00125,HPLC,5.23,0.5071,0.1935,0.7006,92.994,2024-02-15
BATCH_0127,SMP_00126,UPLC,5.208,0.2119,0.1408,0.3527,96.473,2024-12-06
BATCH_0128,SMP_00127,UPLC,5.291,0.1958,0.0948,0.2906,97.094,2024-03-20
BATCH_0129,SMP_00128,UPLC,5.383,0.2926,0.1208,0.4134,95.866,2024-05-14
BATCH_0130,SMP_00129,UPLC,5.745,0.2291,0.1718,0.4009,95.991,2024-09-16
BATCH_0131,SMP_00130,HPLC,4.908,0.1742,0.327,0.5012,94.988,2024-11-03
BATCH_0132,SMP_00131,UPLC,5.337,0.153,0.2978,0.4508,95.492,2024-09-03
BATCH_0133,SMP_00132,HPLC,5.22,0.3958,0.1277,0.5235,94.765,2024-06-07
BATCH_0134,SMP_00133,UPLC,4.831,0.1337,0.1848,0.3185,96.815,2024-07-21
BATCH_0135,SMP_00134,UPLC,5.45,0.2723,0.157,0.4293,95.707,2024-04-21
BATCH_0136,SMP_00135,UPLC,5.284,0.3556,0.1904,0.546,94.54,2024-10-18
BATCH_0137,SMP_00136,HPLC,5.36,0.3604,0.2007,0.5611,94.389,2024-11-05
BATCH_0138,SMP_00137,UPLC,4.86,0.1898,0.2222,0.412,95.88,2024-04-28
BATCH_0139,SMP_00138,UPLC,5.156,0.2294,0.0521,0.2815,97.185,2024-01-17
BATCH_0140,SMP_00139,UPLC,4.984,0.21,0.2093,0.4193,95.807,2024-11-26
BATCH_0141,SMP_00140,UPLC,5.633,0.0965,0.1481,0.2446,97.554,2024-08-14
BATCH_0142,SMP_00141,UPLC,5.429,0.3038,0.1236,0.4274,95.726,2024-12-26
BATCH_0143,SMP_00142,HPLC,5.064,0.2539,0.2435,0.4974,95.026,2024-04-26
BATCH_0144,SMP_00143,HPLC,4.893,0.3941,0.2973,0.6914,93.086,2024-02-12
BATCH_0145,SMP_00144,UPLC,5.239,0.1677,0.2351,0.4028,95.972,2024-04-24
BATCH_0146,SMP_00145,UPLC,5.418,0.3589,0.1385,0.4974,95.026,2024-10-09
BATCH_0147,SMP_00146,HPLC,4.853,0.3659,0.0939,0.4598,95.402,2024-02-06
BATCH_0148,SMP_00147,UPLC,5.014,0.2547,0.0605,0.3152,96.848,2024-10-28
BATCH_0149,SMP_00148,HPLC,4.979,0.0329,0.1946,0.2275,97.725,2024-04-22
BATCH_0150,SMP_00149,UPLC,5.373,0.1987,0.2263,0.425,95.75,2024-02-04
BATCH_0151,SMP_00150,UPLC,5.126,0.4286,0.1719,0.6005,93.995,2024-05-11
BATCH_0152,SMP_00151,HPLC,5.134,0.2797,0.2547,0.5344,94.656,2024-12-01
BATCH_0153,SMP_00152,UPLC,5.235,0.3193,0.0744,0.3937,96.063,2024-12-01
BATCH_0154,SMP_00153,HPLC,5.024,0.2411,0.1663,0.4074,95.926,2024-08-15
BATCH_0155,SMP_00154,HPLC,4.911,0.2277,0.16,0.3877,96.123,2024-05-26
BATCH_0156,SMP_00155,HPLC,5.474,0.0633,0.1712,0.2345,97.655,2024-05-01
BATCH_0157,SMP_00156,UPLC,5.492,0.3295,0.2734,0.6029,93.971,2024-03-21
BATCH_0158,SMP_00157,HPLC,5.236,0.358,0.1716,0.5296,94.704,2024-06-21
BATCH_0159,SMP_00158,HPLC,5.25,0.1549,0.1564,0.3113,96.887,2024-06-02
BATCH_0160,SMP_00159,UPLC,5.452,0.2321,0.1051,0.3372,96.628,2024-05-29
BATCH_0161,SMP_00160,UPLC,5.231,0.2186,0.2863,0.5049,94.951,2024-02-27
BATCH_0162,SMP_00161,UPLC,5.116,0.292,0.0655,0.3575,96.425,2024-03-03
BATCH_0163,SMP_00162,UPLC,5.208,0.1956,0.1358,0.3314,96.686,2024-06-04
BATCH_0164,SMP_00163,UPLC,5.479,0.3431,0.3155,0.6586,93.414,2024-12-21
BATCH_0165,SMP_00164,UPLC,5.211,0.2571,0.2175,0.4746,95.254,2024-11-17
BATCH_0166,SMP_00165,HPLC,5.066,0.0049,0.1784,0.1833,98.167,2024-06-16
BATCH_0167,SMP_00166,UPLC,5.229,0.2943,0.1817,0.476,95.24,2024-06-14
BATCH_0168,SMP_00167,HPLC,5.331,0.3496,0.1043,0.4539,95.461,2024-03-25
BATCH_0169,SMP_00168,UPLC,5.307,0.1348,0.1745,0.3093,96.907,2024-05-16
BATCH_0170,SMP_00169,HPLC,5.311,0.2909,0.152,0.4429,95.571,2024-07-07
BATCH_0171,SMP_00170,HPLC,5.035,0.433,0.1944,0.6274,93.726,2024-01-02
BATCH_0172,SMP_00171,UPLC,5.354,0.2612,0.0595,0.3207,96.793,2024-04-15
BATCH_0173,SMP_00172,UPLC,5.206,0.3642,0.2118,0.576,94.24,2024-12-29
BATCH_0174,SMP_00173,HPLC,5.058,0.2058,0.2613,0.4671,95.329,2024-03-12
BATCH_0175,SMP_00174,UPLC,5.352,0.2482,0.1637,0.4119,95.881,2024-05-05
BATCH_0176,SMP_00175,UPLC,5.109,0.2295,0.2318,0.4613,95.387,2024-06-18
BATCH_0177,SMP_00176,HPLC,4.885,0.2113,0.2048,0.4161,95.839,2024-07-23
BATCH_0178,SMP_00177,HPLC,5.0,0.2352,0.1314,0.3666,96.334,2024-11-08
BATCH_0179,SMP_00178,HPLC,5.164,0.0869,0.0953,0.1822,98.178,2024-12-02
BATCH_0180,SMP_00179,UPLC,5.316,0.2169,0.1065,0.3234,96.766,2024-07-13
BATCH_0181,SMP_00180,UPLC,5.027,0.3838,0.2034,0.5872,94.128,2024-06-06
BATCH_0182,SMP_00181,UPLC,5.152,0.1536,0.1755,0.3291,96.709,2024-05-20
BATCH_0183,SMP_00182,UPLC,4.957,0.1434,0.282,0.4254,95.746,2024-10-01
BATCH_0184,SMP_00183,HPLC,5.396,0.2561,0.2433,0.4994,95.006,2024-01-07
BATCH_0185,SMP_00184,UPLC,5.543,0.2611,0.2431,0.5042,94.958,2024-02-23
BATCH_0186,SMP_00185,HPLC,5.522,0.2877,0.201,0.4887,95.113,2024-04-13
BATCH_0187,SMP_00186,UPLC,5.393,0.2386,0.103,0.3416,96.584,2024-12-07
BATCH_0188,SMP_00187,UPLC,5.373,0.2572,0.206,0.4632,95.368,2024-12-03
BATCH_0189,SMP_00188,HPLC,4.786,0.2149,0.1851,0.4,96.0,2024-03-01
BATCH_0190,SMP_00189,UPLC,5.235,0.1224,0.0889,0.2113,97.887,2024-03-27
BATCH_0191,SMP_00190,UPLC,5.101,0.2429,0.2768,0.5197,94.803,2024-09-14
BATCH_0192,SMP_00191,HPLC,5.376,0.3225,0.2682,0.5907,94.093,2024-06-26
BATCH_0193,SMP_00192,UPLC,4.692,0.3015,0.0885,0.39,96.1,2024-08-29
BATCH_0194,SMP_00193,HPLC,5.239,0.0756,0.129,0.2046,97.954,2024-07-21
BATCH_0195,SMP_00194,HPLC,5.157,0.2752,0.136,0.4112,95.888,2024-01-31
BATCH_0196,SMP_00195,HPLC,5.424,0.1607,0.2288,0.3895,96.105,2024-10-15
BATCH_0197,SMP_00196,HPLC,5.51,0.3892,0.2196,0.6088,93.912,2024-03-20
BATCH_0198,SMP_00197,UPLC,5.014,0.2826,0.1836,0.4662,95.338,2024-01-11
BATCH_0199,SMP_00198,UPLC,5.023,0.3396,0.2019,0.5415,94.585,2024-09-10
BATCH_0200,SMP_00199,UPLC,5.246,0.2521,0.077,0.3291,96.709,2024-10-13
BATCH_0201,SMP_00200,HPLC,5.547,0.2434,0.2105,0.4539,95.461,2024-06-24
BATCH_0202,SMP_00201,UPLC,5.212,0.3996,0.1719,0.5715,94.285,2024-05-05
BATCH_0203,SMP_00202,UPLC,4.944,0.3473,0.1257,0.473,95.27,2024-02-16
BATCH_0204,SMP_00203,UPLC,5.079,0.2618,0.0574,0.3192,96.808,2024-07-24
BATCH_0205,SMP_00204,UPLC,5.241,0.23,0.1822,0.4122,95.878,2024-04-16
BATCH_0206,SMP_00205,HPLC,5.248,0.0793,0.2086,0.2879,97.121,2024-10-01
BATCH_0207,SMP_00206,HPLC,5.059,0.2825,0.0438,0.3263,96.737,2024-12-02
BATCH_0208,SMP_00207,UPLC,5.075,0.2374,0.1815,0.4189,95.811,2024-05-02
BATCH_0209,SMP_00208,HPLC,5.004,0.3054,0.1898,0.4952,95.048,2024-05-13
BATCH_0210,SMP_00209,UPLC,5.428,0.3358,0.1357,0.4715,95.285,2024-04-16
BATCH_0211,SMP_00210,UPLC,5.033,0.3733,0.2104,0.5837,94.163,2024-10-31
BATCH_0212,SMP_00211,UPLC,5.107,0.2837,0.1694,0.4531,95.469,2024-11-24
BATCH_0213,SMP_00212,HPLC,5.101,0.1454,0.2027,0.3481,96.519,2024-02-19
BATCH_0214,SMP_00213,UPLC,4.879,0.0351,0.2227,0.2578,97.422,2024-12-02
BATCH_0215,SMP_00214,HPLC,5.027,0.1675,0.2228,0.3903,96.097,2024-04-04
BATCH_0216,SMP_00215,HPLC,5.446,0.3833,0.2613,0.6446,93.554,2024-09-24
BATCH_0217,SMP_00216,UPLC,4.958,0.4323,0.2071,0.6394,93.606,2024-01-23
BATCH_0218,SMP_00217,HPLC,5.007,0.2262,0.1418,0.368,96.32,2024-02-23
BATCH_0219,SMP_00218,HPLC,4.933,0.1039,0.1282,0.2321,97.679,2024-09-10
BATCH_0220,SMP_00219,UPLC,5.182,0.1852,0.0949,0.2801,97.199,2024-08-22
BATCH_0221,SMP_00220,HPLC,5.577,0.3638,0.1921,0.5559,94.441,2024-02-28
BATCH_0222,SMP_00221,HPLC,5.173,0.1909,0.2857,0.4766,95.234,2024-06-12
BATCH_0223,SMP_00222,UPLC,5.213,0.3089,0.1513,0.4602,95.398,2024-09-15
BATCH_0224,SMP_00223,UPLC,5.041,0.2669,0.216,0.4829,95.171,2024-11-09
BATCH_0225,SMP_00224,HPLC,5.188,0.321,0.1198,0.4408,95.592,2024-08-03
BATCH_0226,SMP_00225,UPLC,5.446,0.4318,0.1956,0.6274,93.726,2024-07-01
BATCH_0227,SMP_00226,UPLC,5.229,0.309,0.2807,0.5897,94.103,2024-02-26
BATCH_0228,SMP_00227,HPLC,5.626,0.2647,0.2349,0.4996,95.004,2024-05-24
BATCH_0229,SMP_00228,HPLC,5.452,0.4428,0.0543,0.4971,95.029,2024-03-30
BATCH_0230,SMP_00229,UPLC,5.183,0.285,0.2257,0.5107,94.893,2024-11-06
BATCH_0231,SMP_00230,HPLC,5.179,0.1707,0.2293,0.4,96.0,2024-02-14
BATCH_0232,SMP_00231,UPLC,5.526,0.3187,0.1939,0.5126,94.874,2024-09-13
BATCH_0233,SMP_00232,UPLC,5.227,0.2947,0.2334,0.5281,94.719,2024-01-21
BATCH_0234,SMP_00233,HPLC,5.482,0.2192,0.1133,0.3325,96.675,2024-01-21
BATCH_0235,SMP_00234,HPLC,5.601,0.1982,0.1851,0.3833,96.167,2024-02-21
BATCH_0236,SMP_00235,UPLC,5.159,0.2202,0.2688,0.489,95.11,2024-12-03
BATCH_0237,SMP_00236,UPLC,5.27,0.1968,0.2616,0.4584,95.416,2024-06-19
BATCH_0238,SMP_00237,UPLC,5.396,0.2234,0.2238,0.4472,95.528,2024-03-07
BATCH_0239,SMP_00238,UPLC,5.354,0.1657,0.1094,0.2751,97.249,2024-04-22
BATCH_0240,SMP_00239,HPLC,5.352,0.2886,0.0968,0.3854,96.146,2024-10-26
BATCH_0241,SMP_00240,UPLC,4.933,0.2811,0.1892,0.4703,95.297,2024-06-08
BATCH_0242,SMP_00241,HPLC,5.03,0.2845,0.1945,0.479,95.21,2024-09-22
BATCH_0243,SMP_00242,HPLC,5.101,0.2438,0.172,0.4158,95.842,2024-11-15
BATCH_0244,SMP_00243,UPLC,5.443,0.2322,0.1156,0.3478,96.522,2024-08-19
BATCH_0245,SMP_00244,HPLC,4.953,0.3942,0.215,0.6092,93.908,2024-11-20
BATCH_0246,SMP_00245,HPLC,5.505,0.2567,0.1888,0.4455,95.545,2024-03-08
BATCH_0247,SMP_00246,UPLC,5.356,0.3764,0.2032,0.5796,94.204,2024-01-28
BATCH_0248,SMP_00247,HPLC,5.431,0.1504,0.2275,0.3779,96.221,2024-04-25
BATCH_0249,SMP_00248,HPLC,5.014,0.3089,0.1581,0.467,95.33,2024-02-20
BATCH_0250,SMP_00249,UPLC,5.214,0.1765,0.1409,0.3174,96.826,2024-06-29
BATCH_0251,SMP_00250,UPLC,5.26,0.1944,0.2686,0.463,95.37,2024-09-16
BATCH_0252,SMP_00251,UPLC,5.251,0.2088,0.1194,0.3282,96.718,2024-03-19
BATCH_0253,SMP_00252,UPLC,5.259,0.2025,0.1425,0.345,96.55,2024-09-29
BATCH_0254,SMP_00253,UPLC,5.145,0.203,0.2787,0.4817,95.183,2024-04-17
BATCH_0255,SMP_00254,UPLC,5.227,0.3717,0.1362,0.5079,94.921,2024-03-14
BATCH_0256,SMP_00255,UPLC,5.407,0.2545,0.1721,0.4266,95.734,2024-06-23
BATCH_0257,SMP_00256,HPLC,4.967,0.2725,0.147,0.4195,95.805,2024-07-02
BATCH_0258,SMP_00257,HPLC,5.509,0.2043,0.0373,0.2416,97.584,2024-01-23
BATCH_0259,SMP_00258,UPLC,5.396,0.3357,0.1701,0.5058,94.942,2024-09-30
BATCH_0260,SMP_00259,HPLC,5.007,0.2855,0.0992,0.3847,96.153,2024-05-08
BATCH_0261,SMP_00260,HPLC,5.277,0.2191,0.2004,0.4195,95.805,2024-10-17
BATCH_0262,SMP_00261,UPLC,5.38,0.0916,0.2685,0.3601,96.399,2024-11-15
BATCH_0263,SMP_00262,HPLC,4.953,0.2716,0.0029,0.2745,97.255,2024-07-04
BATCH_0264,SMP_00263,UPLC,5.208,0.3076,0.1474,0.455,95.45,2024-02-28
BATCH_0265,SMP_00264,HPLC,5.184,0.1521,0.2162,0.3683,96.317,2024-01-01
BATCH_0266,SMP_00265,UPLC,5.071,0.2205,0.0053,0.2258,97.742,2024-05-10
BATCH_0267,SMP_00266,HPLC,5.218,0.3037,0.2869,0.5906,94.094,2024-03-07
BATCH_0268,SMP_00267,HPLC,5.08,0.0929,0.2104,0.3033,96.967,2024-10-19
BATCH_0269,SMP_00268,HPLC,5.475,0.1851,0.2667,0.4518,95.482,2024-10-11
BATCH_0270,SMP_00269,UPLC,5.075,0.2877,0.1349,0.4226,95.774,2024-03-29
BATCH_0271,SMP_00270,HPLC,5.358,0.3605,0.1445,0.505,94.95,2024-04-09
BATCH_0272,SMP_00271,HPLC,4.869,0.4686,0.1671,0.6357,93.643,2024-07-07
BATCH_0273,SMP_00272,UPLC,5.168,0.4459,0.3511,0.797,92.03,2024-12-11
BATCH_0274,SMP_00273,UPLC,5.202,0.2644,0.2854,0.5498,94.502,2024-08-28
BATCH_0275,SMP_00274,HPLC,5.161,0.2016,0.1906,0.3922,96.078,2024-09-26
BATCH_0276,SMP_00275,HPLC,5.121,0.3423,0.2004,0.5427,94.573,2024-08-06
BATCH_0277,SMP_00276,HPLC,5.066,0.1956,0.2308,0.4264,95.736,2024-06-24
BATCH_0278,SMP_00277,HPLC,5.351,0.1738,0.3713,0.5451,94.549,2024-12-06
BATCH_0279,SMP_00278,UPLC,5.4,0.2195,0.2106,0.4301,95.699,2024-08-20
BATCH_0280,SMP_00279,HPLC,5.184,0.2069,0.1837,0.3906,96.094,2024-05-30
BATCH_0281,SMP_00280,HPLC,4.981,0.2913,0.1529,0.4442,95.558,2024-10-03
BATCH_0282,SMP_00281,UPLC,5.559,0.1898,0.1988,0.3886,96.114,2024-08-16
BATCH_0283,SMP_00282,HPLC,5.024,0.2585,0.133,0.3915,96.085,2024-06-19
BATCH_0284,SMP_00283,HPLC,4.908,0.4095,0.2197,0.6292,93.708,2024-08-10
BATCH_0285,SMP_00284,HPLC,4.797,0.2622,0.0654,0.3276,96.724,2024-07-31
BATCH_0286,SMP_00285,UPLC,5.22,0.4017,0.1592,0.5609,94.391,2024-10-08
BATCH_0287,SMP_00286,UPLC,5.157,0.3702,0.2388,0.609,93.91,2024-02-10
BATCH_0288,SMP_00287,HPLC,5.406,0.3092,0.2095,0.5187,94.813,2024-05-01
BATCH_0289,SMP_00288,HPLC,5.322,0.2146,0.143,0.3576,96.424,2024-08-14
BATCH_0290,SMP_00289,UPLC,5.258,0.3541,0.1614,0.5155,94.845,2024-10-20
BATCH_0291,SMP_00290,HPLC,5.146,0.225,0.2628,0.4878,95.122,2024-03-28
BATCH_0292,SMP_00291,HPLC,5.422,0.2498,0.0832,0.333,96.67,2024-09-23
BATCH_0293,SMP_00292,UPLC,5.573,0.283,0.0836,0.3666,96.334,2024-01-29
BATCH_0294,SMP_00293,UPLC,5.402,0.2495,0.1056,0.3551,96.449,2024-09-03
BATCH_0295,SMP_00294,UPLC,5.107,0.178,0.1791,0.3571,96.429,2024-11-11
BATCH_0296,SMP_00295,HPLC,5.356,0.0973,0.0715,0.1688,98.312,2024-08-31
BATCH_0297,SMP_00296,HPLC,5.12,0.3459,0.2562,0.6021,93.979,2024-03-01
BATCH_0298,SMP_00297,HPLC,4.979,0.307,0.1061,0.4131,95.869,2024-05-26
BATCH_0299,SMP_00298,HPLC,5.02,0.0779,0.1979,0.2758,97.242,2024-06-22
BATCH_0300,SMP_00299,UPLC,5.128,0.1753,0.1337,0.309,96.91,2024-10-04
BATCH_0301,SMP_00300,HPLC,5.221,0.2679,0.1748,0.4427,95.573,2024-11-29
BATCH_0302,SMP_00301,HPLC,5.612,0.2943,0.0517,0.346,96.54,2024-05-21
BATCH_0303,SMP_00302,UPLC,5.024,0.0982,0.2601,0.3583,96.417,2024-02-13
BATCH_0304,SMP_00303,UPLC,5.465,0.2411,0.1031,0.3442,96.558,2024-05-23
BATCH_0305,SMP_00304,HPLC,5.137,0.304,0.0947,0.3987,96.013,2024-12-18
BATCH_0306,SMP_00305,UPLC,4.797,0.2148,0.3703,0.5851,94.149,2024-11-28
BATCH_0307,SMP_00306,UPLC,5.099,0.2756,0.2243,0.4999,95.001,2024-02-24
BATCH_0308,SMP_00307,HPLC,5.435,0.2012,0.257,0.4582,95.418,2024-11-02
BATCH_0309,SMP_00308,HPLC,5.269,0.3409,0.2167,0.5576,94.424,2024-12-23
BATCH_0310,SMP_00309,HPLC,5.281,0.1701,0.1438,0.3139,96.861,2024-06-09
BATCH_0311,SMP_00310,HPLC,5.466,0.1358,0.0755,0.2113,97.887,2024-10-11
BATCH_0312,SMP_00311,UPLC,4.993,0.2529,0.1561,0.409,95.91,2024-11-20
BATCH_0313,SMP_00312,UPLC,4.99,0.1066,0.1017,0.2083,97.917,2024-07-16
BATCH_0314,SMP_00313,HPLC,4.747,0.0395,0.1066,0.1461,98.539,2024-06-07
BATCH_0315,SMP_00314,HPLC,5.375,0.3584,0.0533,0.4117,95.883,2024-03-20
BATCH_0316,SMP_00315,UPLC,5.312,0.1516,0.1892,0.3408,96.592,2024-01-31
BATCH_0317,SMP_00316,HPLC,5.345,0.1166,0.3059,0.4225,95.775,2024-04-21
BATCH_0318,SMP_00317,HPLC,4.963,0.1688,0.2247,0.3935,96.065,2024-02-15
BATCH_0319,SMP_00318,HPLC,4.879,0.1643,0.1715,0.3358,96.642,2024-12-18
BATCH_0320,SMP_00319,HPLC,4.936,0.2358,0.1768,0.4126,95.874,2024-07-23
BATCH_0321,SMP_00320,UPLC,5.015,0.1407,0.0638,0.2045,97.955,2024-02-21
BATCH_0322,SMP_00321,HPLC,5.511,0.2998,0.1461,0.4459,95.541,2024-05-17
BATCH_0323,SMP_00322,UPLC,5.4,0.3146,0.0659,0.3805,96.195,2024-03-14
BATCH_0324,SMP_00323,HPLC,5.108,0.1225,0.1908,0.3133,96.867,2024-02-10
BATCH_0325,SMP_00324,HPLC,5.26,0.1882,0.1592,0.3474,96.526,2024-03-17
BATCH_0326,SMP_00325,UPLC,5.064,0.1977,0.1105,0.3082,96.918,2024-07-05
BATCH_0327,SMP_00326,HPLC,5.273,0.2335,0.189,0.4225,95.775,2024-02-21
BATCH_0328,SMP_00327,UPLC,4.972,0.3583,0.1883,0.5466,94.534,2024-03-27
BATCH_0329,SMP_00328,HPLC,5.35,0.364,0.3015,0.6655,93.345,2024-04-18
BATCH_0330,SMP_00329,HPLC,5.03,0.4999,0.2349,0.7348,92.652,2024-08-12
BATCH_0331,SMP_00330,HPLC,5.361,0.0231,0.1974,0.2205,97.795,2024-09-04
BATCH_0332,SMP_00331,HPLC,5.115,0.1576,0.1042,0.2618,97.382,2024-03-09
BATCH_0333,SMP_00332,HPLC,5.042,0.4314,0.0941,0.5255,94.745,2024-04-29
BATCH_0334,SMP_00333,UPLC,5.523,0.0699,0.2279,0.2978,97.022,2024-03-07
BATCH_0335,SMP_00334,UPLC,5.235,0.4291,0.164,0.5931,94.069,2024-03-01
BATCH_0336,SMP_00335,HPLC,5.136,0.2647,0.1999,0.4646,95.354,2024-11-22
BATCH_0337,SMP_00336,HPLC,5.352,0.2684,0.2582,0.5266,94.734,2024-07-09
BATCH_0338,SMP_00337,UPLC,4.932,0.122,0.0589,0.1809,98.191,2024-07-07
BATCH_0339,SMP_00338,UPLC,5.421,0.2049,0.2918,0.4967,95.033,2024-05-30
BATCH_0340,SMP_00339,HPLC,5.172,0.4247,0.2576,0.6823,93.177,2024-10-12
BATCH_0341,SMP_00340,HPLC,5.32,0.2452,0.0156,0.2608,97.392,2024-04-05
BATCH_0342,SMP_00341,UPLC,4.89,0.2056,0.3682,0.5738,94.262,2024-11-07
BATCH_0343,SMP_00342,HPLC,5.124,0.2906,0.2057,0.4963,95.037,2024-11-04
BATCH_0344,SMP_00343,UPLC,5.201,0.2308,0.1417,0.3725,96.275,2024-09-19
BATCH_0345,SMP_00344,HPLC,5.406,0.2845,0.2215,0.506,94.94,2024-04-06
BATCH_0346,SMP_00345,UPLC,5.336,0.165,0.1018,0.2668,97.332,2024-04-22
BATCH_0347,SMP_00346,UPLC,5.122,0.2423,0.2237,0.466,95.34,2024-05-04
BATCH_0348,SMP_00347,HPLC,5.264,0.1859,0.1165,0.3024,96.976,2024-05-11
BATCH_0349,SMP_00348,UPLC,5.451,0.0696,0.3416,0.4112,95.888,2024-04-30
BATCH_0350,SMP_00349,HPLC,5.16,0.2982,0.1848,0.483,95.17,2024-07-15
BATCH_0351,SMP_00350,HPLC,5.138,0.1266,0.232,0.3586,96.414,2024-10-20
BATCH_0352,SMP_00351,HPLC,4.822,0.2335,0.1171,0.3506,96.494,2024-05-01
BATCH_0353,SMP_00352,HPLC,5.144,0.3426,0.2453,0.5879,94.121,2024-10-08
BATCH_0354,SMP_00353,UPLC,4.852,0.1002,0.179,0.2792,97.208,2024-09-16
BATCH_0355,SMP_00354,HPLC,5.177,0.3105,0.0671,0.3776,96.224,2024-02-08
BATCH_0356,SMP_00355,HPLC,5.398,0.22,0.1609,0.3809,96.191,2024-02-23
BATCH_0357,SMP_00356,HPLC,4.776,0.1533,0.3345,0.4878,95.122,2024-06-09
BATCH_0358,SMP_00357,HPLC,5.447,0.4523,0.2487,0.701,92.99,2024-10-15
BATCH_0359,SMP_00358,UPLC,5.134,0.2499,0.1497,0.3996,96.004,2024-07-18
BATCH_0360,SMP_00359,HPLC,5.195,0.1932,0.0305,0.2237,97.763,2024-10-02
BATCH_0361,SMP_00360,UPLC,5.1,0.172,0.1134,0.2854,97.146,2024-01-16
BATCH_0362,SMP_00361,UPLC,4.857,0.3381,0.0675,0.4056,95.944,2024-06-21
BATCH_0363,SMP_00362,UPLC,5.043,0.1888,0.0324,0.2212,97.788,2024-09-04
BATCH_0364,SMP_00363,HPLC,5.619,0.3257,0.2428,0.5685,94.315,2024-08-05
BATCH_0365,SMP_00364,HPLC,4.981,0.2498,0.185,0.4348,95.652,2024-03-27
BATCH_0366,SMP_00365,HPLC,4.882,0.3616,0.3236,0.6852,93.148,2024-03-22
BATCH_0367,SMP_00366,HPLC,5.228,0.1457,0.1002,0.2459,97.541,2024-03-02
BATCH_0368,SMP_00367,UPLC,5.183,0.1597,0.1798,0.3395,96.605,2024-10-13
BATCH_0369,SMP_00368,UPLC,5.135,0.2219,0.0685,0.2904,97.096,2024-02-11
BATCH_0370,SMP_00369,HPLC,5.203,0.2302,0.1324,0.3626,96.374,2024-01-12
BATCH_0371,SMP_00370,HPLC,5.329,0.2145,0.1622,0.3767,96.233,2024-11-16
BATCH_0372,SMP_00371,HPLC,5.083,0.5131,0.15,0.6631,93.369,2024-08-21
BATCH_0373,SMP_00372,HPLC,5.239,0.4563,0.1843,0.6406,93.594,2024-11-24
BATCH_0374,SMP_00373,HPLC,5.405,0.2799,0.2577,0.5376,94.624,2024-05-10
BATCH_0375,SMP_00374,HPLC,5.001,0.2917,0.2493,0.541,94.59,2024-04-24
BATCH_0376,SMP_00375,HPLC,4.736,0.2264,0.1185,0.3449,96.551,2024-08-05
BATCH_0377,SMP_00376,UPLC,5.334,0.145,0.1776,0.3226,96.774,2024-05-16
BATCH_0378,SMP_00377,UPLC,5.701,0.2318,0.2435,0.4753,95.247,2024-04-15
BATCH_0379,SMP_00378,UPLC,5.199,0.3271,0.2629,0.59,94.1,2024-06-27
BATCH_0380,SMP_00379,UPLC,5.24,0.3806,0.1271,0.5077,94.923,2024-01-16
BATCH_0381,SMP_00380,HPLC,5.141,0.3496,0.2367,0.5863,94.137,2024-08-29
BATCH_0382,SMP_00381,HPLC,5.518,0.099,0.2065,0.3055,96.945,2024-11-29
BATCH_0383,SMP_00382,HPLC,5.184,0.2211,0.0947,0.3158,96.842,2024-08-13
BATCH_0384,SMP_00383,HPLC,5.163,0.1031,0.244,0.3471,96.529,2024-08-29
BATCH_0385,SMP_00384,HPLC,5.382,0.3669,0.1921,0.559,94.41,2024-05-20
BATCH_0386,SMP_00385,UPLC,5.103,0.2088,0.0407,0.2495,97.505,2024-07-17
BATCH_0387,SMP_00386,HPLC,4.943,0.2453,0.1565,0.4018,95.982,2024-04-21
BATCH_0388,SMP_00387,UPLC,5.376,0.298,0.1832,0.4812,95.188,2024-05-06
BATCH_0389,SMP_00388,HPLC,5.082,0.5266,0.1315,0.6581,93.419,2024-01-21
BATCH_0390,SMP_00389,UPLC,5.005,0.2768,0.2783,0.5551,94.449,2024-05-26
BATCH_0391,SMP_00390,HPLC,5.62,0.2262,0.2812,0.5074,94.926,2024-03-29
BATCH_0392,SMP_00391,UPLC,5.164,0.1259,0.1494,0.2753,97.247,2024-10-29
BATCH_0393,SMP_00392,HPLC,5.299,0.3959,0.1406,0.5365,94.635,2024-07-21
BATCH_0394,SMP_00393,HPLC,5.206,0.2318,0.1695,0.4013,95.987,2024-03-25
BATCH_0395,SMP_00394,HPLC,5.023,0.4157,0.164,0.5797,94.203,2024-06-15
BATCH_0396,SMP_00395,HPLC,5.338,0.3606,0.1326,0.4932,95.068,2024-03-12
BATCH_0397,SMP_00396,UPLC,5.263,0.2037,0.1167,0.3204,96.796,2024-10-24
BATCH_0398,SMP_00397,HPLC,5.068,0.1108,0.3204,0.4312,95.688,2024-01-09
BATCH_0399,SMP_00398,UPLC,5.287,0.2773,0.18,0.4573,95.427,2024-10-07
BATCH_0400,SMP_00399,HPLC,5.097,0.1885,0.1657,0.3542,96.458,2024-09-14
BATCH_0401,SMP_00400,UPLC,4.979,0.2539,0.206,0.4599,95.401,2024-10-01
BATCH_0402,SMP_00401,HPLC,4.959,0.3549,0.1736,0.5285,94.715,2024-08-25
BATCH_0403,SMP_00402,HPLC,5.254,0.0846,0.1456,0.2302,97.698,2024-01-20
BATCH_0404,SMP_00403,UPLC,5.123,0.2765,0.0995,0.376,96.24,2024-08-20
BATCH_0405,SMP_00404,HPLC,5.5,0.326,0.0329,0.3589,96.411,2024-08-08
BATCH_0406,SMP_00405,HPLC,5.191,0.3308,0.0716,0.4024,95.976,2024-11-21
BATCH_0407,SMP_00406,UPLC,5.043,0.1136,0.0907,0.2043,97.957,2024-01-17
BATCH_0408,SMP_00407,HPLC,5.232,0.2919,0.2321,0.524,94.76,2024-03-29
BATCH_0409,SMP_00408,UPLC,4.941,0.3704,0.238,0.6084,93.916,2024-07-14
BATCH_0410,SMP_00409,HPLC,5.183,0.2843,0.1095,0.3938,96.062,2024-12-15
BATCH_0411,SMP_00410,UPLC,5.264,0.2384,0.0331,0.2715,97.285,2024-03-24
BATCH_0412,SMP_00411,UPLC,5.239,0.364,0.1807,0.5447,94.553,2024-03-27
BATCH_0413,SMP_00412,UPLC,5.461,0.1806,0.1463,0.3269,96.731,2024-11-02
BATCH_0414,SMP_00413,UPLC,5.72,0.097,0.1443,0.2413,97.587,2024-12-03
BATCH_0415,SMP_00414,HPLC,5.334,0.2299,0.2565,0.4864,95.136,2024-06-02
BATCH_0416,SMP_00415,HPLC,5.436,0.3035,0.1911,0.4946,95.054,2024-08-15
BATCH_0417,SMP_00416,UPLC,5.709,0.3539,0.1019,0.4558,95.442,2024-09-20
BATCH_0418,SMP_00417,HPLC,4.999,0.3031,0.0835,0.3866,96.134,2024-08-10
BATCH_0419,SMP_00418,HPLC,5.226,0.3336,0.159,0.4926,95.074,2024-04-30
BATCH_0420,SMP_00419,HPLC,5.104,0.3545,0.1075,0.462,95.38,2024-06-21
BATCH_0421,SMP_00420,UPLC,5.369,0.2161,0.1742,0.3903,96.097,2024-01-04
BATCH_0422,SMP_00421,HPLC,5.254,0.2352,0.2621,0.4973,95.027,2024-12-07
BATCH_0423,SMP_00422,HPLC,5.036,0.3787,0.0696,0.4483,95.517,2024-05-07
BATCH_0424,SMP_00423,UPLC,5.202,0.129,0.187,0.316,96.84,2024-04-19
BATCH_0425,SMP_00424,HPLC,5.409,0.2929,0.2532,0.5461,94.539,2024-12-20
BATCH_0426,SMP_00425,UPLC,4.939,0.1783,0.1731,0.3514,96.486,2024-02-06
BATCH_0427,SMP_00426,UPLC,5.041,0.36,0.2377,0.5977,94.023,2024-03-11
BATCH_0428,SMP_00427,UPLC,5.011,0.2482,0.157,0.4052,95.948,2024-10-15
BATCH_0429,SMP_00428,HPLC,5.265,0.2508,0.1937,0.4445,95.555,2024-01-31
BATCH_0430,SMP_00429,HPLC,5.448,0.4229,0.2153,0.6382,93.618,2024-09-24
BATCH_0431,SMP_00430,UPLC,4.798,0.1424,0.1342,0.2766,97.234,2024-01-11
BATCH_0432,SMP_00431,UPLC,5.219,0.2716,0.3393,0.6109,93.891,2024-12-09
BATCH_0433,SMP_00432,UPLC,5.015,0.232,0.2262,0.4582,95.418,2024-11-23
BATCH_0434,SMP_00433,UPLC,5.401,0.3032,0.2842,0.5874,94.126,2024-02-01
BATCH_0435,SMP_00434,UPLC,5.153,0.4429,0.2657,0.7086,92.914,2024-02-26
BATCH_0436,SMP_00435,UPLC,5.226,0.1895,0.2062,0.3957,96.043,2024-06-14
BATCH_0437,SMP_00436,HPLC,5.2,0.1303,0.2909,0.4212,95.788,2024-07-06
BATCH_0438,SMP_00437,UPLC,5.425,0.1691,0.195,0.3641,96.359,2024-12-07
BATCH_0439,SMP_00438,UPLC,5.61,0.2267,0.1216,0.3483,96.517,2024-01-19
BATCH_0440,SMP_00439,UPLC,4.973,0.2564,0.1812,0.4376,95.624,2024-04-25
BATCH_0441,SMP_00440,HPLC,5.009,0.2615,0.0995,0.361,96.39,2024-07-02
BATCH_0442,SMP_00441,HPLC,5.264,0.4303,0.0119,0.4422,95.578,2024-09-26
BATCH_0443,SMP_00442,HPLC,5.037,0.4125,0.1118,0.5243,94.757,2024-02-02
BATCH_0444,SMP_00443,HPLC,5.387,0.3803,0.1858,0.5661,94.339,2024-01-10
BATCH_0445,SMP_00444,UPLC,5.419,0.5014,0.265,0.7664,92.336,2024-03-20
BATCH_0446,SMP_00445,HPLC,5.091,0.3324,0.1116,0.444,95.56,2024-07-10
BATCH_0447,SMP_00446,UPLC,5.047,0.3608,0.2608,0.6216,93.784,2024-11-15
BATCH_0448,SMP_00447,UPLC,5.145,0.3305,0.0831,0.4136,95.864,2024-07-08
BATCH_0449,SMP_00448,UPLC,5.221,0.3141,0.1064,0.4205,95.795,2024-03-08
BATCH_0450,SMP_00449,UPLC,5.263,0.2894,0.2959,0.5853,94.147,2024-12-13
BATCH_0451,SMP_00450,UPLC,4.749,0.2103,0.1838,0.3941,96.059,2024-05-04
BATCH_0452,SMP_00451,UPLC,5.007,0.1253,0.1661,0.2914,97.086,2024-12-01
BATCH_0453,SMP_00452,HPLC,5.119,0.2369,0.1988,0.4357,95.643,2024-02-28
BATCH_0454,SMP_00453,HPLC,5.041,0.3066,0.0835,0.3901,96.099,2024-04-06
BATCH_0455,SMP_00454,HPLC,4.627,0.2572,0.1535,0.4107,95.893,2024-10-01
BATCH_0456,SMP_00455,HPLC,4.822,0.1435,0.1802,0.3237,96.763,2024-05-28
BATCH_0457,SMP_00456,HPLC,4.939,0.2334,0.2785,0.5119,94.881,2024-10-04
BATCH_0458,SMP_00457,UPLC,5.177,0.2282,0.0464,0.2746,97.254,2024-09-21
BATCH_0459,SMP_00458,HPLC,5.113,0.2438,0.321,0.5648,94.352,2024-01-09
BATCH_0460,SMP_00459,HPLC,5.074,0.2991,0.17,0.4691,95.309,2024-10-09
BATCH_0461,SMP_00460,HPLC,5.359,0.3206,0.0912,0.4118,95.882,2024-09-29
BATCH_0462,SMP_00461,UPLC,5.359,0.2,0.0767,0.2767,97.233,2024-10-27
BATCH_0463,SMP_00462,UPLC,5.23,0.3481,0.2019,0.55,94.5,2024-01-08
BATCH_0464,SMP_00463,UPLC,5.224,0.3632,0.0722,0.4354,95.646,2024-07-26
BATCH_0465,SMP_00464,HPLC,5.029,0.282,0.1352,0.4172,95.828,2024-05-04
BATCH_0466,SMP_00465,HPLC,5.053,0.3165,0.16,0.4765,95.235,2024-05-02
BATCH_0467,SMP_00466,HPLC,4.858,0.3484,0.2715,0.6199,93.801,2024-02-02
BATCH_0468,SMP_00467,HPLC,5.15,0.1402,0.2615,0.4017,95.983,2024-01-01
BATCH_0469,SMP_00468,HPLC,5.357,0.3555,0.1286,0.4841,95.159,2024-07-22
BATCH_0470,SMP_00469,UPLC,5.471,0.171,0.163,0.334,96.66,2024-01-06
BATCH_0471,SMP_00470,HPLC,5.151,0.1807,0.0524,0.2331,97.669,2024-10-23
BATCH_0472,SMP_00471,UPLC,5.298,0.2696,0.0169,0.2865,97.135,2024-01-05
BATCH_0473,SMP_00472,HPLC,4.629,0.0356,0.0817,0.1173,98.827,2024-03-20
BATCH_0474,SMP_00473,UPLC,5.113,0.2676,0.2698,0.5374,94.626,2024-09-30
BATCH_0475,SMP_00474,UPLC,5.109,0.3482,0.2424,0.5906,94.094,2024-06-25
BATCH_0476,SMP_00475,UPLC,5.498,0.0854,0.2107,0.2961,97.039,2024-12-03
BATCH_0477,SMP_00476,UPLC,5.279,0.3589,0.0634,0.4223,95.777,2024-11-16
BATCH_0478,SMP_00477,HPLC,5.299,0.1801,0.1231,0.3032,96.968,2024-12-04
BATCH_0479,SMP_00478,HPLC,5.288,0.2707,0.1114,0.3821,96.179,2024-05-15
BATCH_0480,SMP_00479,HPLC,5.209,0.1946,0.1667,0.3613,96.387,2024-01-25
BATCH_0481,SMP_00480,UPLC,5.506,0.3073,0.1617,0.469,95.31,2024-11-20
BATCH_0482,SMP_00481,HPLC,4.739,0.3525,0.0998,0.4523,95.477,2024-07-01
BATCH_0483,SMP_00482,HPLC,5.229,0.3147,0.2079,0.5226,94.774,2024-06-16
BATCH_0484,SMP_00483,HPLC,5.426,0.2496,0.1983,0.4479,95.521,2024-12-03
BATCH_0485,SMP_00484,HPLC,4.822,0.2024,0.1217,0.3241,96.759,2024-06-26
BATCH_0486,SMP_00485,UPLC,5.368,0.2431,0.2043,0.4474,95.526,2024-04-04
BATCH_0487,SMP_00486,UPLC,5.048,0.3156,0.2699,0.5855,94.145,2024-02-02
BATCH_0488,SMP_00487,HPLC,5.222,0.319,0.2942,0.6132,93.868,2024-04-20
BATCH_0489,SMP_00488,HPLC,5.044,0.3051,0.2193,0.5244,94.756,2024-05-25
BATCH_0490,SMP_00489,HPLC,5.392,0.1217,0.2169,0.3386,96.614,2024-08-18
BATCH_0491,SMP_00490,UPLC,5.142,0.2477,0.1608,0.4085,95.915,2024-09-28
BATCH_0492,SMP_00491,UPLC,5.369,0.1867,0.2624,0.4491,95.509,2024-12-01
BATCH_0493,SMP_00492,UPLC,5.287,0.3165,0.0944,0.4109,95.891,2024-02-07
BATCH_0494,SMP_00493,HPLC,5.041,0.1735,0.2531,0.4266,95.734,2024-05-14
BATCH_0495,SMP_00494,UPLC,5.3,0.2952,0.157,0.4522,95.478,2024-11-29
BATCH_0496,SMP_00495,UPLC,5.067,0.2218,0.2993,0.5211,94.789,2024-08-22
BATCH_0497,SMP_00496,UPLC,5.213,0.0621,0.2271,0.2892,97.108,2024-11-14
BATCH_0498,SMP_00497,UPLC,5.139,0.3431,0.1746,0.5177,94.823,2024-12-10
BATCH_0499,SMP_00498,UPLC,5.38,0.2475,0.1611,0.4086,95.914,2024-06-08
BATCH_0500,SMP_00499,HPLC,5.308,0.3776,0.222,0.5996,94.004,2024-02-07
