Batch_ID,Time_Point_Month,Storage_Temperature,Potency,Degradation
BATCH_0001,0,25,99.45,0.55
BATCH_0001,1,40,98.57,1.43
BATCH_0001,3,25,98.96,1.04
BATCH_0001,6,25,97.35,2.65
BATCH_0001,9,40,97.24,2.76
BATCH_0001,12,30,95.77,4.23
BATCH_0002,0,30,102.46,0.0
BATCH_0002,1,30,101.84,0.0
BATCH_0002,3,25,100.96,0.0
BATCH_0002,6,25,100.63,0.0
BATCH_0002,9,25,98.75,1.25
BATCH_0002,12,30,98.32,1.68
BATCH_0003,0,25,100.88,0.0
BATCH_0003,1,25,101.0,0.0
BATCH_0003,3,25,101.0,0.0
BATCH_0003,6,30,98.79,1.21
BATCH_0003,9,25,97.6,2.4
BATCH_0003,12,30,96.91,3.09
BATCH_0004,0,25,98.01,1.99
BATCH_0004,1,25,97.64,2.36
BATCH_0004,3,40,97.54,2.46
BATCH_0004,6,30,95.48,4.52
BATCH_0004,9,25,95.55,4.45
BATCH_0004,12,25,94.91,5.09
BATCH_0005,0,25,97.76,2.24
BATCH_0005,1,25,97.61,2.39
BATCH_0005,3,25,96.27,3.73
BATCH_0005,6,40,96.22,3.78
BATCH_0005,9,30,95.54,4.46
BATCH_0005,12,40,92.84,7.16
BATCH_0006,0,25,101.52,0.0
BATCH_0006,1,40,100.2,0.0
BATCH_0006,3,40,98.97,1.03
BATCH_0006,6,25,97.75,2.25
BATCH_0006,9,40,98.78,1.22
BATCH_0006,12,25,97.0,3.0
BATCH_0007,0,25,101.06,0.0
BATCH_0007,1,40,100.87,0.0
BATCH_0007,3,25,101.31,0.0
BATCH_0007,6,30,100.07,0.0
BATCH_0007,9,25,97.89,2.11
BATCH_0007,12,30,97.49,2.51
BATCH_0008,0,40,100.79,0.0
BATCH_0008,1,40,100.66,0.0
BATCH_0008,3,40,100.38,0.0
BATCH_0008,6,40,99.59,0.41
BATCH_0008,9,40,98.72,1.28
BATCH_0008,12,30,98.0,2.0
BATCH_0009,0,25,99.28,0.72
BATCH_0009,1,30,98.71,1.29
BATCH_0009,3,25,98.74,1.26
BATCH_0009,6,40,97.68,2.32
BATCH_0009,9,25,96.46,3.54
BATCH_0009,12,40,95.72,4.28
BATCH_0010,0,30,98.44,1.56
BATCH_0010,1,40,98.91,1.09
BATCH_0010,3,25,98.11,1.89
BATCH_0010,6,30,97.69,2.31
BATCH_0010,9,30,96.12,3.88
BATCH_0010,12,25,96.08,3.92
BATCH_0011,0,40,100.44,0.0
BATCH_0011,1,25,98.81,1.19
BATCH_0011,3,25,99.81,0.19
BATCH_0011,6,25,97.96,2.04
BATCH_0011,9,25,98.21,1.79
BATCH_0011,12,30,95.32,4.68
BATCH_0012,0,30,100.53,0.0
BATCH_0012,1,30,100.68,0.0
BATCH_0012,3,25,99.68,0.32
BATCH_0012,6,40,99.62,0.38
BATCH_0012,9,30,98.1,1.9
BATCH_0012,12,40,97.02,2.98
BATCH_0013,0,40,99.93,0.07
BATCH_0013,1,25,99.2,0.8
BATCH_0013,3,25,99.52,0.48
BATCH_0013,6,40,99.22,0.78
BATCH_0013,9,30,98.36,1.64
BATCH_0013,12,40,96.29,3.71
BATCH_0014,0,30,99.07,0.93
BATCH_0014,1,25,99.18,0.82
BATCH_0014,3,40,99.22,0.78
BATCH_0014,6,30,97.18,2.82
BATCH_0014,9,25,96.19,3.81
BATCH_0014,12,25,95.98,4.02
BATCH_0015,0,25,98.23,1.77
BATCH_0015,1,40,98.92,1.08
BATCH_0015,3,40,98.85,1.15
BATCH_0015,6,40,97.62,2.38
BATCH_0015,9,25,96.77,3.23
BATCH_0015,12,40,95.07,4.93
BATCH_0016,0,25,101.19,0.0
BATCH_0016,1,40,100.34,0.0
BATCH_0016,3,30,99.48,0.52
BATCH_0016,6,25,98.21,1.79
BATCH_0016,9,30,96.86,3.14
BATCH_0016,12,25,96.68,3.32
BATCH_0017,0,25,100.39,0.0
BATCH_0017,1,40,99.93,0.07
BATCH_0017,3,30,98.96,1.04
BATCH_0017,6,30,96.82,3.18
BATCH_0017,9,25,97.51,2.49
BATCH_0017,12,40,97.37,2.63
BATCH_0018,0,30,99.56,0.44
BATCH_0018,1,40,98.95,1.05
BATCH_0018,3,30,98.53,1.47
BATCH_0018,6,30,97.11,2.89
BATCH_0018,9,40,95.96,4.04
BATCH_0018,12,40,96.14,3.86
BATCH_0019,0,40,97.36,2.64
BATCH_0019,1,40,97.24,2.76
BATCH_0019,3,40,96.58,3.42
BATCH_0019,6,40,95.76,4.24
BATCH_0019,9,25,95.14,4.86
BATCH_0019,12,30,93.64,6.36
BATCH_0020,0,30,100.99,0.0
BATCH_0020,1,25,100.82,0.0
BATCH_0020,3,40,98.99,1.01
BATCH_0020,6,40,100.1,0.0
BATCH_0020,9,40,97.4,2.6
BATCH_0020,12,40,97.4,2.6
BATCH_0021,0,30,99.63,0.37
BATCH_0021,1,40,99.67,0.33
BATCH_0021,3,40,99.67,0.33
BATCH_0021,6,40,98.4,1.6
BATCH_0021,9,25,98.71,1.29
BATCH_0021,12,25,96.4,3.6
BATCH_0022,0,40,100.13,0.0
BATCH_0022,1,40,99.45,0.55
BATCH_0022,3,25,98.92,1.08
BATCH_0022,6,40,98.75,1.25
BATCH_0022,9,40,98.09,1.91
BATCH_0022,12,40,97.14,2.86
BATCH_0023,0,40,100.77,0.0
BATCH_0023,1,40,100.51,0.0
BATCH_0023,3,25,100.86,0.0
BATCH_0023,6,25,99.51,0.49
BATCH_0023,9,40,98.97,1.03
BATCH_0023,12,40,98.03,1.97
BATCH_0024,0,30,100.86,0.0
BATCH_0024,1,25,100.01,0.0
BATCH_0024,3,40,99.69,0.31
BATCH_0024,6,40,99.03,0.97
BATCH_0024,9,25,96.88,3.12
BATCH_0024,12,25,96.54,3.46
BATCH_0025,0,30,100.07,0.0
BATCH_0025,1,40,100.63,0.0
BATCH_0025,3,30,99.66,0.34
BATCH_0025,6,40,97.81,2.19
BATCH_0025,9,30,97.75,2.25
BATCH_0025,12,25,96.63,3.37
BATCH_0026,0,25,98.9,1.1
BATCH_0026,1,40,98.85,1.15
BATCH_0026,3,40,98.43,1.57
BATCH_0026,6,40,97.6,2.4
BATCH_0026,9,25,97.06,2.94
BATCH_0026,12,30,96.51,3.49
BATCH_0027,0,25,101.14,0.0
BATCH_0027,1,30,100.2,0.0
BATCH_0027,3,25,100.44,0.0
BATCH_0027,6,30,99.15,0.85
BATCH_0027,9,25,97.4,2.6
BATCH_0027,12,25,97.03,2.97
BATCH_0028,0,25,99.66,0.34
BATCH_0028,1,30,99.47,0.53
BATCH_0028,3,40,98.73,1.27
BATCH_0028,6,25,97.74,2.26
BATCH_0028,9,30,95.98,4.02
BATCH_0028,12,30,95.15,4.85
BATCH_0029,0,25,100.23,0.0
BATCH_0029,1,30,99.36,0.64
BATCH_0029,3,25,99.21,0.79
BATCH_0029,6,40,97.53,2.47
BATCH_0029,9,30,96.86,3.14
BATCH_0029,12,30,97.0,3.0
BATCH_0030,0,25,99.61,0.39
BATCH_0030,1,30,97.8,2.2
BATCH_0030,3,30,97.69,2.31
BATCH_0030,6,25,97.41,2.59
BATCH_0030,9,30,95.68,4.32
BATCH_0030,12,25,95.76,4.24
BATCH_0031,0,25,97.73,2.27
BATCH_0031,1,30,98.05,1.95
BATCH_0031,3,40,97.66,2.34
BATCH_0031,6,30,96.3,3.7
BATCH_0031,9,40,95.96,4.04
BATCH_0031,12,30,95.06,4.94
BATCH_0032,0,25,102.12,0.0
BATCH_0032,1,40,101.09,0.0
BATCH_0032,3,25,101.39,0.0
BATCH_0032,6,40,100.08,0.0
BATCH_0032,9,25,98.62,1.38
BATCH_0032,12,40,97.9,2.1
BATCH_0033,0,25,99.19,0.81
BATCH_0033,1,30,98.1,1.9
BATCH_0033,3,40,98.14,1.86
BATCH_0033,6,25,97.04,2.96
BATCH_0033,9,25,96.3,3.7
BATCH_0033,12,40,95.56,4.44
BATCH_0034,0,25,98.47,1.53
BATCH_0034,1,40,99.24,0.76
BATCH_0034,3,30,98.61,1.39
BATCH_0034,6,40,97.11,2.89
BATCH_0034,9,25,96.17,3.83
BATCH_0034,12,40,95.62,4.38
BATCH_0035,0,30,101.54,0.0
BATCH_0035,1,40,100.78,0.0
BATCH_0035,3,25,100.67,0.0
BATCH_0035,6,30,98.88,1.12
BATCH_0035,9,30,98.67,1.33
BATCH_0035,12,25,98.29,1.71
BATCH_0036,0,25,99.37,0.63
BATCH_0036,1,40,98.87,1.13
BATCH_0036,3,40,97.46,2.54
BATCH_0036,6,30,98.31,1.69
BATCH_0036,9,30,97.32,2.68
BATCH_0036,12,30,95.57,4.43
BATCH_0037,0,30,100.97,0.0
BATCH_0037,1,40,101.66,0.0
BATCH_0037,3,30,99.71,0.29
BATCH_0037,6,30,100.13,0.0
BATCH_0037,9,25,98.37,1.63
BATCH_0037,12,30,97.9,2.1
BATCH_0038,0,25,100.07,0.0
BATCH_0038,1,30,99.33,0.67
BATCH_0038,3,30,99.52,0.48
BATCH_0038,6,25,96.77,3.23
BATCH_0038,9,25,96.72,3.28
BATCH_0038,12,30,97.06,2.94
BATCH_0039,0,25,101.1,0.0
BATCH_0039,1,30,100.2,0.0
BATCH_0039,3,30,99.4,0.6
BATCH_0039,6,40,98.93,1.07
BATCH_0039,9,40,98.39,1.61
BATCH_0039,12,25,97.26,2.74
BATCH_0040,0,40,98.31,1.69
BATCH_0040,1,40,98.08,1.92
BATCH_0040,3,40,97.86,2.14
BATCH_0040,6,30,95.8,4.2
BATCH_0040,9,25,95.76,4.24
BATCH_0040,12,25,95.26,4.74
BATCH_0041,0,40,99.19,0.81
BATCH_0041,1,25,98.28,1.72
BATCH_0041,3,40,97.57,2.43
BATCH_0041,6,30,95.95,4.05
BATCH_0041,9,40,95.21,4.79
BATCH_0041,12,30,94.44,5.56
BATCH_0042,0,40,98.8,1.2
BATCH_0042,1,40,97.94,2.06
BATCH_0042,3,25,98.04,1.96
BATCH_0042,6,40,97.38,2.62
BATCH_0042,9,30,96.21,3.79
BATCH_0042,12,40,95.55,4.45
BATCH_0043,0,25,99.24,0.76
BATCH_0043,1,30,99.58,0.42
BATCH_0043,3,25,99.05,0.95
BATCH_0043,6,40,97.62,2.38
BATCH_0043,9,30,97.87,2.13
BATCH_0043,12,30,96.24,3.76
BATCH_0044,0,40,99.36,0.64
BATCH_0044,1,25,98.97,1.03
BATCH_0044,3,40,98.61,1.39
BATCH_0044,6,25,97.52,2.48
BATCH_0044,9,30,96.24,3.76
BATCH_0044,12,40,95.23,4.77
BATCH_0045,0,30,99.38,0.62
BATCH_0045,1,40,98.81,1.19
BATCH_0045,3,25,98.3,1.7
BATCH_0045,6,40,96.92,3.08
BATCH_0045,9,40,96.76,3.24
BATCH_0045,12,40,95.48,4.52
BATCH_0046,0,25,101.36,0.0
BATCH_0046,1,25,102.17,0.0
BATCH_0046,3,25,100.67,0.0
BATCH_0046,6,40,100.18,0.0
BATCH_0046,9,30,98.2,1.8
BATCH_0046,12,25,98.53,1.47
BATCH_0047,0,40,102.15,0.0
BATCH_0047,1,40,101.39,0.0
BATCH_0047,3,40,101.69,0.0
BATCH_0047,6,30,100.74,0.0
BATCH_0047,9,25,98.31,1.69
BATCH_0047,12,25,98.28,1.72
BATCH_0048,0,25,100.82,0.0
BATCH_0048,1,40,99.2,0.8
BATCH_0048,3,25,99.87,0.13
BATCH_0048,6,25,98.42,1.58
BATCH_0048,9,40,98.01,1.99
BATCH_0048,12,25,96.38,3.62
BATCH_0049,0,25,99.69,0.31
BATCH_0049,1,40,98.93,1.07
BATCH_0049,3,40,98.45,1.55
BATCH_0049,6,25,97.5,2.5
BATCH_0049,9,30,96.8,3.2
BATCH_0049,12,25,95.33,4.67
BATCH_0050,0,30,99.06,0.94
BATCH_0050,1,40,99.34,0.66
BATCH_0050,3,30,98.75,1.25
BATCH_0050,6,25,97.82,2.18
BATCH_0050,9,30,96.99,3.01
BATCH_0050,12,30,96.28,3.72
BATCH_0051,0,40,99.72,0.28
BATCH_0051,1,40,98.8,1.2
BATCH_0051,3,30,98.24,1.76
BATCH_0051,6,25,97.76,2.24
BATCH_0051,9,40,96.44,3.56
BATCH_0051,12,25,95.59,4.41
BATCH_0052,0,30,98.02,1.98
BATCH_0052,1,30,97.11,2.89
BATCH_0052,3,25,96.46,3.54
BATCH_0052,6,30,95.93,4.07
BATCH_0052,9,40,95.36,4.64
BATCH_0052,12,25,93.63,6.37
BATCH_0053,0,40,101.57,0.0
BATCH_0053,1,30,100.87,0.0
BATCH_0053,3,25,100.38,0.0
BATCH_0053,6,30,99.6,0.4
BATCH_0053,9,40,98.2,1.8
BATCH_0053,12,30,97.75,2.25
BATCH_0054,0,30,98.41,1.59
BATCH_0054,1,25,97.4,2.6
BATCH_0054,3,30,96.51,3.49
BATCH_0054,6,25,96.36,3.64
BATCH_0054,9,30,95.25,4.75
BATCH_0054,12,40,93.97,6.03
BATCH_0055,0,30,100.37,0.0
BATCH_0055,1,30,99.08,0.92
BATCH_0055,3,30,97.74,2.26
BATCH_0055,6,40,98.5,1.5
BATCH_0055,9,40,97.56,2.44
BATCH_0055,12,25,95.92,4.08
BATCH_0056,0,25,97.67,2.33
BATCH_0056,1,30,96.96,3.04
BATCH_0056,3,25,95.48,4.52
BATCH_0056,6,25,95.18,4.82
BATCH_0056,9,25,94.33,5.67
BATCH_0056,12,30,93.74,6.26
BATCH_0057,0,25,97.63,2.37
BATCH_0057,1,25,97.45,2.55
BATCH_0057,3,25,97.24,2.76
BATCH_0057,6,30,97.45,2.55
BATCH_0057,9,40,94.5,5.5
BATCH_0057,12,30,94.89,5.11
BATCH_0058,0,40,100.94,0.0
BATCH_0058,1,40,99.42,0.58
BATCH_0058,3,40,99.52,0.48
BATCH_0058,6,40,98.15,1.85
BATCH_0058,9,25,97.47,2.53
BATCH_0058,12,30,96.06,3.94
BATCH_0059,0,30,100.63,0.0
BATCH_0059,1,40,100.65,0.0
BATCH_0059,3,40,100.23,0.0
BATCH_0059,6,40,99.09,0.91
BATCH_0059,9,25,98.22,1.78
BATCH_0059,12,40,97.35,2.65
BATCH_0060,0,40,100.23,0.0
BATCH_0060,1,25,99.55,0.45
BATCH_0060,3,30,99.03,0.97
BATCH_0060,6,25,98.48,1.52
BATCH_0060,9,30,98.03,1.97
BATCH_0060,12,30,96.07,3.93
BATCH_0061,0,40,99.66,0.34
BATCH_0061,1,40,98.72,1.28
BATCH_0061,3,25,98.63,1.37
BATCH_0061,6,25,98.03,1.97
BATCH_0061,9,25,95.72,4.28
BATCH_0061,12,40,95.17,4.83
BATCH_0062,0,40,98.92,1.08
BATCH_0062,1,30,99.85,0.15
BATCH_0062,3,30,98.34,1.66
BATCH_0062,6,30,97.33,2.67
BATCH_0062,9,40,95.92,4.08
BATCH_0062,12,40,95.71,4.29
BATCH_0063,0,25,101.0,0.0
BATCH_0063,1,40,100.35,0.0
BATCH_0063,3,25,99.26,0.74
BATCH_0063,6,30,97.96,2.04
BATCH_0063,9,30,97.52,2.48
BATCH_0063,12,25,95.93,4.07
BATCH_0064,0,40,99.15,0.85
BATCH_0064,1,25,99.24,0.76
BATCH_0064,3,25,99.24,0.76
BATCH_0064,6,40,97.6,2.4
BATCH_0064,9,30,97.69,2.31
BATCH_0064,12,30,96.26,3.74
BATCH_0065,0,30,100.71,0.0
BATCH_0065,1,25,101.07,0.0
BATCH_0065,3,40,100.12,0.0
BATCH_0065,6,30,98.79,1.21
BATCH_0065,9,40,98.08,1.92
BATCH_0065,12,25,98.22,1.78
BATCH_0066,0,40,100.04,0.0
BATCH_0066,1,25,98.94,1.06
BATCH_0066,3,40,98.3,1.7
BATCH_0066,6,25,98.0,2.0
BATCH_0066,9,30,96.85,3.15
BATCH_0066,12,25,95.42,4.58
BATCH_0067,0,25,97.32,2.68
BATCH_0067,1,25,96.98,3.02
BATCH_0067,3,40,96.62,3.38
BATCH_0067,6,25,95.13,4.87
BATCH_0067,9,30,94.8,5.2
BATCH_0067,12,25,94.46,5.54
BATCH_0068,0,25,99.07,0.93
BATCH_0068,1,30,99.34,0.66
BATCH_0068,3,40,98.41,1.59
BATCH_0068,6,30,97.25,2.75
BATCH_0068,9,40,96.64,3.36
BATCH_0068,12,25,95.73,4.27
BATCH_0069,0,25,100.61,0.0
BATCH_0069,1,40,100.94,0.0
BATCH_0069,3,40,98.92,1.08
BATCH_0069,6,40,98.65,1.35
BATCH_0069,9,25,97.36,2.64
BATCH_0069,12,40,96.25,3.75
BATCH_0070,0,25,100.56,0.0
BATCH_0070,1,25,100.14,0.0
BATCH_0070,3,25,100.29,0.0
BATCH_0070,6,30,98.73,1.27
BATCH_0070,9,30,97.87,2.13
BATCH_0070,12,40,96.99,3.01
BATCH_0071,0,25,101.83,0.0
BATCH_0071,1,40,100.93,0.0
BATCH_0071,3,40,100.38,0.0
BATCH_0071,6,25,99.52,0.48
BATCH_0071,9,25,98.3,1.7
BATCH_0071,12,25,97.05,2.95
BATCH_0072,0,40,99.82,0.18
BATCH_0072,1,40,98.91,1.09
BATCH_0072,3,40,98.79,1.21
BATCH_0072,6,25,98.45,1.55
BATCH_0072,9,25,97.07,2.93
BATCH_0072,12,25,95.48,4.52
BATCH_0073,0,40,101.37,0.0
BATCH_0073,1,30,99.99,0.01
BATCH_0073,3,40,99.44,0.56
BATCH_0073,6,25,98.45,1.55
BATCH_0073,9,30,97.55,2.45
BATCH_0073,12,25,97.24,2.76
BATCH_0074,0,40,101.02,0.0
BATCH_0074,1,25,101.04,0.0
BATCH_0074,3,40,99.07,0.93
BATCH_0074,6,30,99.93,0.07
BATCH_0074,9,30,98.0,2.0
BATCH_0074,12,40,97.25,2.75
BATCH_0075,0,25,102.13,0.0
BATCH_0075,1,30,101.32,0.0
BATCH_0075,3,25,101.32,0.0
BATCH_0075,6,40,101.05,0.0
BATCH_0075,9,30,99.93,0.07
BATCH_0075,12,25,99.17,0.83
BATCH_0076,0,40,100.49,0.0
BATCH_0076,1,40,100.37,0.0
BATCH_0076,3,40,99.47,0.53
BATCH_0076,6,40,98.85,1.15
BATCH_0076,9,25,98.14,1.86
BATCH_0076,12,25,96.68,3.32
BATCH_0077,0,25,101.19,0.0
BATCH_0077,1,40,102.84,0.0
BATCH_0077,3,25,102.09,0.0
BATCH_0077,6,40,100.76,0.0
BATCH_0077,9,40,99.06,0.94
BATCH_0077,12,30,98.51,1.49
BATCH_0078,0,40,100.99,0.0
BATCH_0078,1,30,101.33,0.0
BATCH_0078,3,40,100.65,0.0
BATCH_0078,6,25,99.51,0.49
BATCH_0078,9,30,96.38,3.62
BATCH_0078,12,40,97.03,2.97
BATCH_0079,0,40,98.85,1.15
BATCH_0079,1,40,98.8,1.2
BATCH_0079,3,30,98.99,1.01
BATCH_0079,6,25,96.04,3.96
BATCH_0079,9,40,96.44,3.56
BATCH_0079,12,40,95.77,4.23
BATCH_0080,0,40,99.66,0.34
BATCH_0080,1,30,100.61,0.0
BATCH_0080,3,30,99.6,0.4
BATCH_0080,6,25,98.72,1.28
BATCH_0080,9,30,96.83,3.17
BATCH_0080,12,40,97.29,2.71
BATCH_0081,0,40,99.49,0.51
BATCH_0081,1,30,100.15,0.0
BATCH_0081,3,30,98.78,1.22
BATCH_0081,6,25,98.0,2.0
BATCH_0081,9,25,97.14,2.86
BATCH_0081,12,30,95.79,4.21
BATCH_0082,0,30,101.4,0.0
BATCH_0082,1,30,102.0,0.0
BATCH_0082,3,40,100.53,0.0
BATCH_0082,6,40,99.54,0.46
BATCH_0082,9,25,98.03,1.97
BATCH_0082,12,25,97.97,2.03
BATCH_0083,0,30,100.06,0.0
BATCH_0083,1,40,100.5,0.0
BATCH_0083,3,25,100.3,0.0
BATCH_0083,6,30,99.29,0.71
BATCH_0083,9,40,97.51,2.49
BATCH_0083,12,25,96.66,3.34
BATCH_0084,0,25,99.29,0.71
BATCH_0084,1,40,98.86,1.14
BATCH_0084,3,40,98.28,1.72
BATCH_0084,6,40,97.87,2.13
BATCH_0084,9,25,97.04,2.96
BATCH_0084,12,40,96.05,3.95
BATCH_0085,0,40,100.26,0.0
BATCH_0085,1,40,99.41,0.59
BATCH_0085,3,30,99.21,0.79
BATCH_0085,6,25,98.67,1.33
BATCH_0085,9,30,97.08,2.92
BATCH_0085,12,40,96.71,3.29
BATCH_0086,0,25,101.42,0.0
BATCH_0086,1,30,101.32,0.0
BATCH_0086,3,25,100.36,0.0
BATCH_0086,6,30,99.26,0.74
BATCH_0086,9,30,97.88,2.12
BATCH_0086,12,40,97.43,2.57
BATCH_0087,0,25,100.27,0.0
BATCH_0087,1,40,100.14,0.0
BATCH_0087,3,25,100.51,0.0
BATCH_0087,6,30,98.79,1.21
BATCH_0087,9,40,97.27,2.73
BATCH_0087,12,25,97.47,2.53
BATCH_0088,0,40,100.9,0.0
BATCH_0088,1,30,101.33,0.0
BATCH_0088,3,25,100.66,0.0
BATCH_0088,6,25,98.98,1.02
BATCH_0088,9,40,99.38,0.62
BATCH_0088,12,25,98.76,1.24
BATCH_0089,0,40,99.95,0.05
BATCH_0089,1,25,99.23,0.77
BATCH_0089,3,30,98.83,1.17
BATCH_0089,6,30,98.82,1.18
BATCH_0089,9,40,96.54,3.46
BATCH_0089,12,25,96.9,3.1
BATCH_0090,0,40,100.33,0.0
BATCH_0090,1,30,99.21,0.79
BATCH_0090,3,30,98.24,1.76
BATCH_0090,6,30,97.98,2.02
BATCH_0090,9,40,97.37,2.63
BATCH_0090,12,40,96.5,3.5
BATCH_0091,0,25,100.31,0.0
BATCH_0091,1,40,99.47,0.53
BATCH_0091,3,40,98.38,1.62
BATCH_0091,6,30,97.99,2.01
BATCH_0091,9,40,98.06,1.94
BATCH_0091,12,40,96.69,3.31
BATCH_0092,0,25,100.36,0.0
BATCH_0092,1,25,101.55,0.0
BATCH_0092,3,40,100.3,0.0
BATCH_0092,6,30,99.78,0.22
BATCH_0092,9,40,97.66,2.34
BATCH_0092,12,40,97.09,2.91
BATCH_0093,0,25,101.25,0.0
BATCH_0093,1,30,100.58,0.0
BATCH_0093,3,30,100.32,0.0
BATCH_0093,6,30,99.23,0.77
BATCH_0093,9,30,98.34,1.66
BATCH_0093,12,25,97.31,2.69
BATCH_0094,0,40,99.82,0.18
BATCH_0094,1,25,99.01,0.99
BATCH_0094,3,25,98.32,1.68
BATCH_0094,6,30,97.83,2.17
BATCH_0094,9,30,95.91,4.09
BATCH_0094,12,30,95.67,4.33
BATCH_0095,0,25,100.15,0.0
BATCH_0095,1,25,99.47,0.53
BATCH_0095,3,25,100.63,0.0
BATCH_0095,6,25,98.43,1.57
BATCH_0095,9,40,97.97,2.03
BATCH_0095,12,40,97.54,2.46
BATCH_0096,0,25,100.77,0.0
BATCH_0096,1,30,100.65,0.0
BATCH_0096,3,25,100.0,0.0
BATCH_0096,6,25,97.36,2.64
BATCH_0096,9,30,97.01,2.99
BATCH_0096,12,30,96.89,3.11
BATCH_0097,0,30,100.23,0.0
BATCH_0097,1,25,99.73,0.27
BATCH_0097,3,40,98.99,1.01
BATCH_0097,6,40,97.7,2.3
BATCH_0097,9,25,98.08,1.92
BATCH_0097,12,25,96.37,3.63
BATCH_0098,0,30,100.27,0.0
BATCH_0098,1,30,101.33,0.0
BATCH_0098,3,30,99.97,0.03
BATCH_0098,6,30,98.56,1.44
BATCH_0098,9,30,98.49,1.51
BATCH_0098,12,30,97.08,2.92
BATCH_0099,0,25,103.61,0.0
BATCH_0099,1,25,102.21,0.0
BATCH_0099,3,40,101.19,0.0
BATCH_0099,6,25,100.22,0.0
BATCH_0099,9,30,99.05,0.95
BATCH_0099,12,30,98.09,1.91
BATCH_0100,0,40,100.32,0.0
BATCH_0100,1,30,99.87,0.13
BATCH_0100,3,30,99.48,0.52
BATCH_0100,6,30,98.61,1.39
BATCH_0100,9,40,98.11,1.89
BATCH_0100,12,25,95.98,4.02
BATCH_0101,0,30,100.97,0.0
BATCH_0101,1,30,101.32,0.0
BATCH_0101,3,25,99.65,0.35
BATCH_0101,6,30,98.71,1.29
BATCH_0101,9,25,98.39,1.61
BATCH_0101,12,30,97.88,2.12
BATCH_0102,0,40,100.54,0.0
BATCH_0102,1,40,99.67,0.33
BATCH_0102,3,25,99.55,0.45
BATCH_0102,6,25,98.52,1.48
BATCH_0102,9,40,97.12,2.88
BATCH_0102,12,30,95.85,4.15
BATCH_0103,0,25,102.55,0.0
BATCH_0103,1,25,101.92,0.0
BATCH_0103,3,25,99.77,0.23
BATCH_0103,6,30,100.62,0.0
BATCH_0103,9,25,98.45,1.55
BATCH_0103,12,40,98.54,1.46
BATCH_0104,0,30,100.8,0.0
BATCH_0104,1,40,100.51,0.0
BATCH_0104,3,40,101.06,0.0
BATCH_0104,6,30,98.69,1.31
BATCH_0104,9,25,98.23,1.77
BATCH_0104,12,25,97.13,2.87
BATCH_0105,0,25,102.43,0.0
BATCH_0105,1,40,100.79,0.0
BATCH_0105,3,25,100.74,0.0
BATCH_0105,6,25,100.29,0.0
BATCH_0105,9,25,98.99,1.01
BATCH_0105,12,25,97.52,2.48
BATCH_0106,0,25,100.21,0.0
BATCH_0106,1,40,98.32,1.68
BATCH_0106,3,30,97.96,2.04
BATCH_0106,6,25,97.45,2.55
BATCH_0106,9,40,96.43,3.57
BATCH_0106,12,30,95.48,4.52
BATCH_0107,0,40,98.3,1.7
BATCH_0107,1,40,98.4,1.6
BATCH_0107,3,30,98.34,1.66
BATCH_0107,6,30,96.93,3.07
BATCH_0107,9,30,95.5,4.5
BATCH_0107,12,30,94.48,5.52
BATCH_0108,0,30,99.24,0.76
BATCH_0108,1,25,98.73,1.27
BATCH_0108,3,30,97.48,2.52
BATCH_0108,6,25,98.19,1.81
BATCH_0108,9,30,96.46,3.54
BATCH_0108,12,30,95.99,4.01
BATCH_0109,0,30,102.24,0.0
BATCH_0109,1,30,100.81,0.0
BATCH_0109,3,30,101.85,0.0
BATCH_0109,6,40,100.09,0.0
BATCH_0109,9,30,98.85,1.15
BATCH_0109,12,30,98.65,1.35
BATCH_0110,0,40,99.14,0.86
BATCH_0110,1,40,97.81,2.19
BATCH_0110,3,40,97.3,2.7
BATCH_0110,6,30,96.39,3.61
BATCH_0110,9,40,95.92,4.08
BATCH_0110,12,40,95.87,4.13
BATCH_0111,0,30,98.76,1.24
BATCH_0111,1,30,98.74,1.26
BATCH_0111,3,40,98.4,1.6
BATCH_0111,6,25,97.22,2.78
BATCH_0111,9,30,96.4,3.6
BATCH_0111,12,25,96.12,3.88
BATCH_0112,0,25,101.74,0.0
BATCH_0112,1,40,101.81,0.0
BATCH_0112,3,30,101.29,0.0
BATCH_0112,6,25,98.8,1.2
BATCH_0112,9,40,97.95,2.05
BATCH_0112,12,25,98.06,1.94
BATCH_0113,0,40,99.27,0.73
BATCH_0113,1,30,99.27,0.73
BATCH_0113,3,30,98.03,1.97
BATCH_0113,6,30,98.13,1.87
BATCH_0113,9,40,96.38,3.62
BATCH_0113,12,25,96.22,3.78
BATCH_0114,0,25,99.43,0.57
BATCH_0114,1,25,98.29,1.71
BATCH_0114,3,40,97.92,2.08
BATCH_0114,6,40,98.0,2.0
BATCH_0114,9,30,97.57,2.43
BATCH_0114,12,40,95.9,4.1
BATCH_0115,0,40,99.7,0.3
BATCH_0115,1,25,100.46,0.0
BATCH_0115,3,40,99.33,0.67
BATCH_0115,6,25,99.04,0.96
BATCH_0115,9,40,97.59,2.41
BATCH_0115,12,40,96.24,3.76
BATCH_0116,0,30,98.45,1.55
BATCH_0116,1,30,97.38,2.62
BATCH_0116,3,40,96.95,3.05
BATCH_0116,6,30,96.53,3.47
BATCH_0116,9,30,96.1,3.9
BATCH_0116,12,30,94.33,5.67
BATCH_0117,0,25,99.55,0.45
BATCH_0117,1,40,99.58,0.42
BATCH_0117,3,30,97.91,2.09
BATCH_0117,6,30,98.6,1.4
BATCH_0117,9,40,97.72,2.28
BATCH_0117,12,30,96.09,3.91
BATCH_0118,0,40,102.87,0.0
BATCH_0118,1,25,102.27,0.0
BATCH_0118,3,25,102.14,0.0
BATCH_0118,6,25,100.99,0.0
BATCH_0118,9,30,100.9,0.0
BATCH_0118,12,40,99.45,0.55
BATCH_0119,0,40,99.21,0.79
BATCH_0119,1,40,98.42,1.58
BATCH_0119,3,25,97.83,2.17
BATCH_0119,6,30,97.28,2.72
BATCH_0119,9,25,96.49,3.51
BATCH_0119,12,25,94.59,5.41
BATCH_0120,0,25,101.3,0.0
BATCH_0120,1,40,101.66,0.0
BATCH_0120,3,30,101.71,0.0
BATCH_0120,6,30,100.58,0.0
BATCH_0120,9,30,98.35,1.65
BATCH_0120,12,40,97.53,2.47
BATCH_0121,0,25,99.8,0.2
BATCH_0121,1,40,98.75,1.25
BATCH_0121,3,30,98.17,1.83
BATCH_0121,6,25,97.43,2.57
BATCH_0121,9,30,96.46,3.54
BATCH_0121,12,30,95.71,4.29
BATCH_0122,0,25,100.63,0.0
BATCH_0122,1,25,99.81,0.19
BATCH_0122,3,30,99.5,0.5
BATCH_0122,6,40,99.27,0.73
BATCH_0122,9,30,98.62,1.38
BATCH_0122,12,25,97.37,2.63
BATCH_0123,0,30,100.4,0.0
BATCH_0123,1,30,100.52,0.0
BATCH_0123,3,25,100.31,0.0
BATCH_0123,6,25,99.19,0.81
BATCH_0123,9,25,97.45,2.55
BATCH_0123,12,40,97.41,2.59
BATCH_0124,0,40,97.94,2.06
BATCH_0124,1,25,99.3,0.7
BATCH_0124,3,40,99.21,0.79
BATCH_0124,6,30,97.56,2.44
BATCH_0124,9,40,97.25,2.75
BATCH_0124,12,40,95.92,4.08
BATCH_0125,0,25,98.29,1.71
BATCH_0125,1,25,98.59,1.41
BATCH_0125,3,30,97.4,2.6
BATCH_0125,6,30,97.12,2.88
BATCH_0125,9,25,95.78,4.22
BATCH_0125,12,40,95.63,4.37
BATCH_0126,0,40,99.43,0.57
BATCH_0126,1,30,99.25,0.75
BATCH_0126,3,40,98.7,1.3
BATCH_0126,6,40,97.61,2.39
BATCH_0126,9,40,96.55,3.45
BATCH_0126,12,25,95.25,4.75
BATCH_0127,0,40,101.94,0.0
BATCH_0127,1,40,101.41,0.0
BATCH_0127,3,40,101.41,0.0
BATCH_0127,6,30,99.9,0.1
BATCH_0127,9,30,99.24,0.76
BATCH_0127,12,40,98.04,1.96
BATCH_0128,0,25,99.48,0.52
BATCH_0128,1,25,97.85,2.15
BATCH_0128,3,25,98.0,2.0
BATCH_0128,6,40,97.06,2.94
BATCH_0128,9,30,95.56,4.44
BATCH_0128,12,25,95.29,4.71
BATCH_0129,0,30,100.42,0.0
BATCH_0129,1,25,100.31,0.0
BATCH_0129,3,30,100.06,0.0
BATCH_0129,6,40,98.19,1.81
BATCH_0129,9,30,99.07,0.93
BATCH_0129,12,40,97.76,2.24
BATCH_0130,0,25,99.94,0.06
BATCH_0130,1,30,99.85,0.15
BATCH_0130,3,30,98.84,1.16
BATCH_0130,6,25,98.04,1.96
BATCH_0130,9,25,97.59,2.41
BATCH_0130,12,30,96.27,3.73
BATCH_0131,0,30,99.58,0.42
BATCH_0131,1,40,100.61,0.0
BATCH_0131,3,25,99.49,0.51
BATCH_0131,6,30,98.73,1.27
BATCH_0131,9,40,97.52,2.48
BATCH_0131,12,30,96.72,3.28
BATCH_0132,0,30,101.29,0.0
BATCH_0132,1,40,100.63,0.0
BATCH_0132,3,40,100.3,0.0
BATCH_0132,6,40,99.65,0.35
BATCH_0132,9,40,97.81,2.19
BATCH_0132,12,25,97.41,2.59
BATCH_0133,0,25,100.13,0.0
BATCH_0133,1,30,99.25,0.75
BATCH_0133,3,30,98.72,1.28
BATCH_0133,6,25,96.86,3.14
BATCH_0133,9,40,97.17,2.83
BATCH_0133,12,30,95.82,4.18
BATCH_0134,0,25,100.31,0.0
BATCH_0134,1,25,101.03,0.0
BATCH_0134,3,40,99.24,0.76
BATCH_0134,6,30,98.61,1.39
BATCH_0134,9,30,97.59,2.41
BATCH_0134,12,25,97.28,2.72
BATCH_0135,0,30,100.3,0.0
BATCH_0135,1,40,100.01,0.0
BATCH_0135,3,40,99.22,0.78
BATCH_0135,6,40,98.88,1.12
BATCH_0135,9,30,97.23,2.77
BATCH_0135,12,30,96.24,3.76
BATCH_0136,0,30,99.44,0.56
BATCH_0136,1,40,99.64,0.36
BATCH_0136,3,40,97.82,2.18
BATCH_0136,6,30,98.5,1.5
BATCH_0136,9,40,97.69,2.31
BATCH_0136,12,40,96.48,3.52
BATCH_0137,0,25,98.14,1.86
BATCH_0137,1,30,98.08,1.92
BATCH_0137,3,40,98.33,1.67
BATCH_0137,6,40,97.42,2.58
BATCH_0137,9,30,97.59,2.41
BATCH_0137,12,40,94.98,5.02
BATCH_0138,0,30,100.08,0.0
BATCH_0138,1,30,99.61,0.39
BATCH_0138,3,25,98.65,1.35
BATCH_0138,6,40,98.63,1.37
BATCH_0138,9,25,97.56,2.44
BATCH_0138,12,25,96.03,3.97
BATCH_0139,0,25,100.02,0.0
BATCH_0139,1,30,98.92,1.08
BATCH_0139,3,30,98.62,1.38
BATCH_0139,6,25,97.78,2.22
BATCH_0139,9,25,97.79,2.21
BATCH_0139,12,30,95.86,4.14
BATCH_0140,0,40,99.56,0.44
BATCH_0140,1,40,99.3,0.7
BATCH_0140,3,25,99.15,0.85
BATCH_0140,6,25,97.21,2.79
BATCH_0140,9,30,95.95,4.05
BATCH_0140,12,30,95.58,4.42
BATCH_0141,0,30,98.91,1.09
BATCH_0141,1,30,99.06,0.94
BATCH_0141,3,25,98.19,1.81
BATCH_0141,6,25,97.86,2.14
BATCH_0141,9,30,95.89,4.11
BATCH_0141,12,25,95.74,4.26
BATCH_0142,0,25,99.98,0.02
BATCH_0142,1,40,100.03,0.0
BATCH_0142,3,30,99.35,0.65
BATCH_0142,6,30,97.2,2.8
BATCH_0142,9,25,96.25,3.75
BATCH_0142,12,30,96.06,3.94
BATCH_0143,0,30,97.66,2.34
BATCH_0143,1,25,97.76,2.24
BATCH_0143,3,40,96.67,3.33
BATCH_0143,6,25,95.53,4.47
BATCH_0143,9,40,95.89,4.11
BATCH_0143,12,25,94.33,5.67
BATCH_0144,0,30,100.07,0.0
BATCH_0144,1,25,99.71,0.29
BATCH_0144,3,40,99.71,0.29
BATCH_0144,6,25,99.96,0.04
BATCH_0144,9,30,97.74,2.26
BATCH_0144,12,25,97.2,2.8
BATCH_0145,0,40,98.44,1.56
BATCH_0145,1,30,97.47,2.53
BATCH_0145,3,25,97.68,2.32
BATCH_0145,6,40,97.17,2.83
BATCH_0145,9,30,97.06,2.94
BATCH_0145,12,25,95.8,4.2
BATCH_0146,0,25,101.0,0.0
BATCH_0146,1,25,100.88,0.0
BATCH_0146,3,25,100.24,0.0
BATCH_0146,6,30,99.37,0.63
BATCH_0146,9,30,99.28,0.72
BATCH_0146,12,25,96.85,3.15
BATCH_0147,0,40,100.53,0.0
BATCH_0147,1,25,100.75,0.0
BATCH_0147,3,30,100.4,0.0
BATCH_0147,6,25,98.3,1.7
BATCH_0147,9,40,98.11,1.89
BATCH_0147,12,25,96.19,3.81
BATCH_0148,0,40,100.95,0.0
BATCH_0148,1,40,100.92,0.0
BATCH_0148,3,30,100.31,0.0
BATCH_0148,6,40,100.26,0.0
BATCH_0148,9,30,99.01,0.99
BATCH_0148,12,30,98.3,1.7
BATCH_0149,0,30,98.36,1.64
BATCH_0149,1,25,98.0,2.0
BATCH_0149,3,25,97.44,2.56
BATCH_0149,6,25,97.19,2.81
BATCH_0149,9,30,96.79,3.21
BATCH_0149,12,25,94.8,5.2
BATCH_0150,0,30,100.14,0.0
BATCH_0150,1,40,99.05,0.95
BATCH_0150,3,30,98.83,1.17
BATCH_0150,6,25,99.27,0.73
BATCH_0150,9,40,97.79,2.21
BATCH_0150,12,40,96.11,3.89
BATCH_0151,0,30,99.03,0.97
BATCH_0151,1,40,98.41,1.59
BATCH_0151,3,30,97.9,2.1
BATCH_0151,6,40,96.72,3.28
BATCH_0151,9,25,95.49,4.51
BATCH_0151,12,40,95.22,4.78
BATCH_0152,0,25,100.74,0.0
BATCH_0152,1,30,100.13,0.0
BATCH_0152,3,30,99.72,0.28
BATCH_0152,6,25,98.22,1.78
BATCH_0152,9,30,97.57,2.43
BATCH_0152,12,30,96.03,3.97
BATCH_0153,0,30,101.43,0.0
BATCH_0153,1,25,101.12,0.0
BATCH_0153,3,40,100.76,0.0
BATCH_0153,6,30,99.69,0.31
BATCH_0153,9,40,98.1,1.9
BATCH_0153,12,25,97.43,2.57
BATCH_0154,0,25,100.86,0.0
BATCH_0154,1,40,100.67,0.0
BATCH_0154,3,40,100.98,0.0
BATCH_0154,6,25,99.54,0.46
BATCH_0154,9,40,98.69,1.31
BATCH_0154,12,40,96.74,3.26
BATCH_0155,0,40,100.87,0.0
BATCH_0155,1,30,100.46,0.0
BATCH_0155,3,40,99.66,0.34
BATCH_0155,6,25,99.31,0.69
BATCH_0155,9,40,98.08,1.92
BATCH_0155,12,30,97.3,2.7
BATCH_0156,0,30,101.05,0.0
BATCH_0156,1,30,100.17,0.0
BATCH_0156,3,25,100.01,0.0
BATCH_0156,6,40,99.43,0.57
BATCH_0156,9,40,97.97,2.03
BATCH_0156,12,25,96.4,3.6
BATCH_0157,0,30,99.81,0.19
BATCH_0157,1,30,98.11,1.89
BATCH_0157,3,40,98.56,1.44
BATCH_0157,6,25,97.01,2.99
BATCH_0157,9,25,96.41,3.59
BATCH_0157,12,25,96.19,3.81
BATCH_0158,0,30,99.58,0.42
BATCH_0158,1,25,98.69,1.31
BATCH_0158,3,30,97.41,2.59
BATCH_0158,6,25,98.21,1.79
BATCH_0158,9,40,96.15,3.85
BATCH_0158,12,25,94.18,5.82
BATCH_0159,0,30,98.12,1.88
BATCH_0159,1,40,99.79,0.21
BATCH_0159,3,25,98.11,1.89
BATCH_0159,6,30,97.15,2.85
BATCH_0159,9,30,95.71,4.29
BATCH_0159,12,40,95.95,4.05
BATCH_0160,0,40,98.79,1.21
BATCH_0160,1,30,99.02,0.98
BATCH_0160,3,40,98.4,1.6
BATCH_0160,6,40,96.82,3.18
BATCH_0160,9,25,95.55,4.45
BATCH_0160,12,40,95.27,4.73
BATCH_0161,0,40,101.16,0.0
BATCH_0161,1,30,100.4,0.0
BATCH_0161,3,25,99.36,0.64
BATCH_0161,6,30,98.9,1.1
BATCH_0161,9,30,97.44,2.56
BATCH_0161,12,30,96.79,3.21
BATCH_0162,0,25,98.92,1.08
BATCH_0162,1,40,100.31,0.0
BATCH_0162,3,40,98.3,1.7
BATCH_0162,6,30,97.28,2.72
BATCH_0162,9,25,96.08,3.92
BATCH_0162,12,30,95.76,4.24
BATCH_0163,0,25,100.02,0.0
BATCH_0163,1,40,99.75,0.25
BATCH_0163,3,40,98.53,1.47
BATCH_0163,6,25,97.97,2.03
BATCH_0163,9,30,96.39,3.61
BATCH_0163,12,40,95.11,4.89
BATCH_0164,0,30,100.05,0.0
BATCH_0164,1,30,98.74,1.26
BATCH_0164,3,25,98.0,2.0
BATCH_0164,6,40,96.99,3.01
BATCH_0164,9,30,96.57,3.43
BATCH_0164,12,40,95.38,4.62
BATCH_0165,0,30,99.67,0.33
BATCH_0165,1,25,100.54,0.0
BATCH_0165,3,25,99.89,0.11
BATCH_0165,6,25,98.42,1.58
BATCH_0165,9,40,98.35,1.65
BATCH_0165,12,30,96.5,3.5
BATCH_0166,0,30,99.18,0.82
BATCH_0166,1,25,98.02,1.98
BATCH_0166,3,40,98.38,1.62
BATCH_0166,6,40,97.22,2.78
BATCH_0166,9,30,95.43,4.57
BATCH_0166,12,40,93.68,6.32
BATCH_0167,0,25,100.14,0.0
BATCH_0167,1,30,99.92,0.08
BATCH_0167,3,25,99.06,0.94
BATCH_0167,6,25,98.31,1.69
BATCH_0167,9,25,97.21,2.79
BATCH_0167,12,25,96.56,3.44
BATCH_0168,0,25,98.74,1.26
BATCH_0168,1,25,99.53,0.47
BATCH_0168,3,25,99.61,0.39
BATCH_0168,6,30,98.49,1.51
BATCH_0168,9,25,98.34,1.66
BATCH_0168,12,30,96.65,3.35
BATCH_0169,0,25,99.36,0.64
BATCH_0169,1,30,98.62,1.38
BATCH_0169,3,30,97.87,2.13
BATCH_0169,6,30,96.72,3.28
BATCH_0169,9,25,96.59,3.41
BATCH_0169,12,40,94.93,5.07
BATCH_0170,0,40,102.53,0.0
BATCH_0170,1,25,101.33,0.0
BATCH_0170,3,40,100.33,0.0
BATCH_0170,6,40,99.27,0.73
BATCH_0170,9,25,99.88,0.12
BATCH_0170,12,30,97.34,2.66
BATCH_0171,0,25,100.99,0.0
BATCH_0171,1,30,100.21,0.0
BATCH_0171,3,25,99.9,0.1
BATCH_0171,6,30,99.24,0.76
BATCH_0171,9,40,97.97,2.03
BATCH_0171,12,30,97.51,2.49
BATCH_0172,0,25,101.67,0.0
BATCH_0172,1,25,100.88,0.0
BATCH_0172,3,40,100.65,0.0
BATCH_0172,6,25,99.05,0.95
BATCH_0172,9,30,97.55,2.45
BATCH_0172,12,30,97.73,2.27
BATCH_0173,0,40,100.43,0.0
BATCH_0173,1,40,100.85,0.0
BATCH_0173,3,30,99.31,0.69
BATCH_0173,6,25,99.15,0.85
BATCH_0173,9,30,98.03,1.97
BATCH_0173,12,25,96.2,3.8
BATCH_0174,0,40,101.65,0.0
BATCH_0174,1,25,100.06,0.0
BATCH_0174,3,30,99.58,0.42
BATCH_0174,6,30,99.54,0.46
BATCH_0174,9,30,97.95,2.05
BATCH_0174,12,30,96.53,3.47
BATCH_0175,0,30,100.83,0.0
BATCH_0175,1,30,99.31,0.69
BATCH_0175,3,25,98.64,1.36
BATCH_0175,6,30,98.05,1.95
BATCH_0175,9,25,96.64,3.36
BATCH_0175,12,25,96.02,3.98
BATCH_0176,0,40,99.01,0.99
BATCH_0176,1,40,98.69,1.31
BATCH_0176,3,30,98.48,1.52
BATCH_0176,6,40,97.57,2.43
BATCH_0176,9,25,95.88,4.12
BATCH_0176,12,30,95.0,5.0
BATCH_0177,0,25,98.38,1.62
BATCH_0177,1,25,98.78,1.22
BATCH_0177,3,30,97.85,2.15
BATCH_0177,6,30,96.87,3.13
BATCH_0177,9,25,95.5,4.5
BATCH_0177,12,30,95.47,4.53
BATCH_0178,0,25,101.82,0.0
BATCH_0178,1,25,102.02,0.0
BATCH_0178,3,25,101.28,0.0
BATCH_0178,6,30,100.6,0.0
BATCH_0178,9,30,99.27,0.73
BATCH_0178,12,40,99.33,0.67
BATCH_0179,0,25,100.7,0.0
BATCH_0179,1,40,100.86,0.0
BATCH_0179,3,40,100.31,0.0
BATCH_0179,6,25,98.61,1.39
BATCH_0179,9,25,98.61,1.39
BATCH_0179,12,25,97.97,2.03
BATCH_0180,0,25,101.11,0.0
BATCH_0180,1,30,100.73,0.0
BATCH_0180,3,25,99.74,0.26
BATCH_0180,6,40,98.38,1.62
BATCH_0180,9,30,97.88,2.12
BATCH_0180,12,30,96.62,3.38
BATCH_0181,0,30,100.05,0.0
BATCH_0181,1,25,98.81,1.19
BATCH_0181,3,40,98.32,1.68
BATCH_0181,6,30,96.98,3.02
BATCH_0181,9,30,95.89,4.11
BATCH_0181,12,25,96.19,3.81
BATCH_0182,0,25,103.28,0.0
BATCH_0182,1,30,102.52,0.0
BATCH_0182,3,30,102.13,0.0
BATCH_0182,6,40,101.53,0.0
BATCH_0182,9,40,101.04,0.0
BATCH_0182,12,40,100.16,0.0
BATCH_0183,0,40,100.72,0.0
BATCH_0183,1,40,99.62,0.38
BATCH_0183,3,30,99.45,0.55
BATCH_0183,6,30,99.36,0.64
BATCH_0183,9,40,97.2,2.8
BATCH_0183,12,30,97.58,2.42
BATCH_0184,0,25,99.0,1.0
BATCH_0184,1,25,99.17,0.83
BATCH_0184,3,25,98.32,1.68
BATCH_0184,6,25,98.04,1.96
BATCH_0184,9,30,96.34,3.66
BATCH_0184,12,25,96.4,3.6
BATCH_0185,0,40,100.03,0.0
BATCH_0185,1,25,99.26,0.74
BATCH_0185,3,40,98.94,1.06
BATCH_0185,6,30,98.0,2.0
BATCH_0185,9,40,96.68,3.32
BATCH_0185,12,30,96.54,3.46
BATCH_0186,0,30,100.64,0.0
BATCH_0186,1,30,98.51,1.49
BATCH_0186,3,40,98.03,1.97
BATCH_0186,6,40,97.55,2.45
BATCH_0186,9,25,97.3,2.7
BATCH_0186,12,25,95.82,4.18
BATCH_0187,0,30,99.92,0.08
BATCH_0187,1,40,99.98,0.02
BATCH_0187,3,30,100.28,0.0
BATCH_0187,6,40,98.35,1.65
BATCH_0187,9,40,97.23,2.77
BATCH_0187,12,25,96.17,3.83
BATCH_0188,0,30,99.45,0.55
BATCH_0188,1,40,99.21,0.79
BATCH_0188,3,25,98.06,1.94
BATCH_0188,6,40,96.79,3.21
BATCH_0188,9,25,96.53,3.47
BATCH_0188,12,25,95.75,4.25
BATCH_0189,0,25,100.95,0.0
BATCH_0189,1,30,101.17,0.0
BATCH_0189,3,25,99.99,0.01
BATCH_0189,6,40,98.87,1.13
BATCH_0189,9,25,98.44,1.56
BATCH_0189,12,40,96.44,3.56
BATCH_0190,0,40,101.0,0.0
BATCH_0190,1,25,99.76,0.24
BATCH_0190,3,25,98.72,1.28
BATCH_0190,6,30,97.92,2.08
BATCH_0190,9,40,97.71,2.29
BATCH_0190,12,40,97.0,3.0
BATCH_0191,0,40,102.06,0.0
BATCH_0191,1,40,101.28,0.0
BATCH_0191,3,40,100.3,0.0
BATCH_0191,6,30,100.68,0.0
BATCH_0191,9,30,98.83,1.17
BATCH_0191,12,30,98.96,1.04
BATCH_0192,0,25,100.52,0.0
BATCH_0192,1,40,100.21,0.0
BATCH_0192,3,30,99.47,0.53
BATCH_0192,6,40,97.8,2.2
BATCH_0192,9,25,97.94,2.06
BATCH_0192,12,30,96.16,3.84
BATCH_0193,0,25,99.92,0.08
BATCH_0193,1,30,100.45,0.0
BATCH_0193,3,40,99.39,0.61
BATCH_0193,6,40,98.24,1.76
BATCH_0193,9,30,98.24,1.76
BATCH_0193,12,40,96.74,3.26
BATCH_0194,0,25,99.95,0.05
BATCH_0194,1,30,98.62,1.38
BATCH_0194,3,25,98.21,1.79
BATCH_0194,6,40,97.37,2.63
BATCH_0194,9,30,97.0,3.0
BATCH_0194,12,25,94.69,5.31
BATCH_0195,0,25,99.05,0.95
BATCH_0195,1,40,98.51,1.49
BATCH_0195,3,40,98.49,1.51
BATCH_0195,6,40,97.19,2.81
BATCH_0195,9,25,96.52,3.48
BATCH_0195,12,30,94.55,5.45
BATCH_0196,0,25,98.58,1.42
BATCH_0196,1,30,98.28,1.72
BATCH_0196,3,25,97.8,2.2
BATCH_0196,6,30,97.51,2.49
BATCH_0196,9,25,95.8,4.2
BATCH_0196,12,40,95.16,4.84
BATCH_0197,0,40,101.63,0.0
BATCH_0197,1,40,101.44,0.0
BATCH_0197,3,25,101.32,0.0
BATCH_0197,6,30,101.23,0.0
BATCH_0197,9,25,99.9,0.1
BATCH_0197,12,25,99.09,0.91
BATCH_0198,0,40,101.35,0.0
BATCH_0198,1,25,100.18,0.0
BATCH_0198,3,40,98.21,1.79
BATCH_0198,6,30,98.05,1.95
BATCH_0198,9,40,96.9,3.1
BATCH_0198,12,30,95.88,4.12
BATCH_0199,0,40,99.15,0.85
BATCH_0199,1,40,97.55,2.45
BATCH_0199,3,25,97.56,2.44
BATCH_0199,6,25,96.48,3.52
BATCH_0199,9,30,96.22,3.78
BATCH_0199,12,40,94.98,5.02
BATCH_0200,0,30,100.96,0.0
BATCH_0200,1,40,99.69,0.31
BATCH_0200,3,40,100.14,0.0
BATCH_0200,6,30,98.34,1.66
BATCH_0200,9,40,97.42,2.58
BATCH_0200,12,40,96.81,3.19
BATCH_0201,0,40,98.95,1.05
BATCH_0201,1,40,99.31,0.69
BATCH_0201,3,30,98.5,1.5
BATCH_0201,6,25,98.02,1.98
BATCH_0201,9,25,96.17,3.83
BATCH_0201,12,40,96.1,3.9
BATCH_0202,0,30,99.14,0.86
BATCH_0202,1,25,99.25,0.75
BATCH_0202,3,40,97.58,2.42
BATCH_0202,6,30,97.38,2.62
BATCH_0202,9,25,96.99,3.01
BATCH_0202,12,25,96.18,3.82
BATCH_0203,0,40,101.23,0.0
BATCH_0203,1,40,101.29,0.0
BATCH_0203,3,25,100.2,0.0
BATCH_0203,6,40,99.48,0.52
BATCH_0203,9,40,99.31,0.69
BATCH_0203,12,40,98.9,1.1
BATCH_0204,0,40,100.81,0.0
BATCH_0204,1,25,100.38,0.0
BATCH_0204,3,25,99.11,0.89
BATCH_0204,6,25,98.7,1.3
BATCH_0204,9,30,97.2,2.8
BATCH_0204,12,40,96.71,3.29
BATCH_0205,0,40,98.72,1.28
BATCH_0205,1,25,100.09,0.0
BATCH_0205,3,40,99.58,0.42
BATCH_0205,6,40,97.32,2.68
BATCH_0205,9,30,97.28,2.72
BATCH_0205,12,40,95.88,4.12
BATCH_0206,0,25,99.32,0.68
BATCH_0206,1,25,99.22,0.78
BATCH_0206,3,25,98.62,1.38
BATCH_0206,6,30,97.29,2.71
BATCH_0206,9,30,96.16,3.84
BATCH_0206,12,30,95.68,4.32
BATCH_0207,0,25,100.76,0.0
BATCH_0207,1,30,100.81,0.0
BATCH_0207,3,30,99.84,0.16
BATCH_0207,6,30,98.83,1.17
BATCH_0207,9,40,98.54,1.46
BATCH_0207,12,30,96.49,3.51
BATCH_0208,0,25,98.56,1.44
BATCH_0208,1,30,98.22,1.78
BATCH_0208,3,40,97.5,2.5
BATCH_0208,6,40,97.46,2.54
BATCH_0208,9,30,95.68,4.32
BATCH_0208,12,40,95.69,4.31
BATCH_0209,0,30,100.37,0.0
BATCH_0209,1,25,100.82,0.0
BATCH_0209,3,25,99.72,0.28
BATCH_0209,6,40,98.7,1.3
BATCH_0209,9,30,98.19,1.81
BATCH_0209,12,25,97.08,2.92
BATCH_0210,0,25,99.99,0.01
BATCH_0210,1,30,100.48,0.0
BATCH_0210,3,30,99.52,0.48
BATCH_0210,6,25,98.67,1.33
BATCH_0210,9,25,97.43,2.57
BATCH_0210,12,30,97.3,2.7
BATCH_0211,0,30,99.8,0.2
BATCH_0211,1,40,100.77,0.0
BATCH_0211,3,25,99.47,0.53
BATCH_0211,6,40,99.08,0.92
BATCH_0211,9,30,98.69,1.31
BATCH_0211,12,25,96.28,3.72
BATCH_0212,0,25,99.17,0.83
BATCH_0212,1,30,99.47,0.53
BATCH_0212,3,30,98.65,1.35
BATCH_0212,6,40,97.36,2.64
BATCH_0212,9,40,95.35,4.65
BATCH_0212,12,40,96.0,4.0
BATCH_0213,0,25,99.04,0.96
BATCH_0213,1,40,99.93,0.07
BATCH_0213,3,30,99.05,0.95
BATCH_0213,6,40,98.33,1.67
BATCH_0213,9,25,97.06,2.94
BATCH_0213,12,30,96.46,3.54
BATCH_0214,0,40,101.25,0.0
BATCH_0214,1,25,100.71,0.0
BATCH_0214,3,40,100.88,0.0
BATCH_0214,6,40,99.21,0.79
BATCH_0214,9,25,99.09,0.91
BATCH_0214,12,30,97.53,2.47
BATCH_0215,0,30,99.95,0.05
BATCH_0215,1,25,100.27,0.0
BATCH_0215,3,25,99.64,0.36
BATCH_0215,6,30,98.55,1.45
BATCH_0215,9,25,97.21,2.79
BATCH_0215,12,30,97.13,2.87
BATCH_0216,0,25,100.56,0.0
BATCH_0216,1,30,100.6,0.0
BATCH_0216,3,40,99.55,0.45
BATCH_0216,6,25,98.51,1.49
BATCH_0216,9,30,97.06,2.94
BATCH_0216,12,40,97.24,2.76
BATCH_0217,0,25,99.65,0.35
BATCH_0217,1,25,100.28,0.0
BATCH_0217,3,30,99.78,0.22
BATCH_0217,6,40,98.92,1.08
BATCH_0217,9,30,97.67,2.33
BATCH_0217,12,30,96.7,3.3
BATCH_0218,0,30,98.12,1.88
BATCH_0218,1,25,98.71,1.29
BATCH_0218,3,30,97.31,2.69
BATCH_0218,6,25,97.11,2.89
BATCH_0218,9,25,95.65,4.35
BATCH_0218,12,30,95.23,4.77
BATCH_0219,0,30,100.93,0.0
BATCH_0219,1,30,100.94,0.0
BATCH_0219,3,40,99.26,0.74
BATCH_0219,6,30,98.96,1.04
BATCH_0219,9,30,98.34,1.66
BATCH_0219,12,30,98.05,1.95
BATCH_0220,0,30,101.56,0.0
BATCH_0220,1,25,100.12,0.0
BATCH_0220,3,40,101.07,0.0
BATCH_0220,6,25,99.03,0.97
BATCH_0220,9,30,99.09,0.91
BATCH_0220,12,25,98.08,1.92
BATCH_0221,0,25,100.8,0.0
BATCH_0221,1,30,99.59,0.41
BATCH_0221,3,25,97.65,2.35
BATCH_0221,6,40,98.66,1.34
BATCH_0221,9,25,98.08,1.92
BATCH_0221,12,30,95.65,4.35
BATCH_0222,0,40,99.12,0.88
BATCH_0222,1,30,98.52,1.48
BATCH_0222,3,40,98.93,1.07
BATCH_0222,6,40,97.43,2.57
BATCH_0222,9,40,96.68,3.32
BATCH_0222,12,40,94.93,5.07
BATCH_0223,0,30,100.56,0.0
BATCH_0223,1,25,99.69,0.31
BATCH_0223,3,30,99.08,0.92
BATCH_0223,6,40,98.17,1.83
BATCH_0223,9,30,96.84,3.16
BATCH_0223,12,30,96.54,3.46
BATCH_0224,0,40,98.89,1.11
BATCH_0224,1,30,97.4,2.6
BATCH_0224,3,25,97.6,2.4
BATCH_0224,6,25,95.7,4.3
BATCH_0224,9,40,94.97,5.03
BATCH_0224,12,40,95.94,4.06
BATCH_0225,0,40,100.66,0.0
BATCH_0225,1,25,99.35,0.65
BATCH_0225,3,25,98.9,1.1
BATCH_0225,6,30,98.04,1.96
BATCH_0225,9,25,98.4,1.6
BATCH_0225,12,30,96.4,3.6
BATCH_0226,0,40,101.79,0.0
BATCH_0226,1,40,101.61,0.0
BATCH_0226,3,30,100.07,0.0
BATCH_0226,6,25,100.27,0.0
BATCH_0226,9,40,99.1,0.9
BATCH_0226,12,30,98.52,1.48
BATCH_0227,0,25,100.42,0.0
BATCH_0227,1,25,100.15,0.0
BATCH_0227,3,40,99.36,0.64
BATCH_0227,6,40,98.81,1.19
BATCH_0227,9,25,97.45,2.55
BATCH_0227,12,40,96.39,3.61
BATCH_0228,0,25,99.6,0.4
BATCH_0228,1,30,99.13,0.87
BATCH_0228,3,30,99.55,0.45
BATCH_0228,6,40,99.02,0.98
BATCH_0228,9,40,96.58,3.42
BATCH_0228,12,40,95.77,4.23
BATCH_0229,0,25,99.96,0.04
BATCH_0229,1,40,99.54,0.46
BATCH_0229,3,40,98.87,1.13
BATCH_0229,6,30,98.83,1.17
BATCH_0229,9,30,97.59,2.41
BATCH_0229,12,25,96.48,3.52
BATCH_0230,0,30,101.0,0.0
BATCH_0230,1,30,101.36,0.0
BATCH_0230,3,40,100.08,0.0
BATCH_0230,6,25,98.4,1.6
BATCH_0230,9,25,98.73,1.27
BATCH_0230,12,30,97.25,2.75
BATCH_0231,0,30,100.57,0.0
BATCH_0231,1,40,99.83,0.17
BATCH_0231,3,30,98.88,1.12
BATCH_0231,6,40,98.31,1.69
BATCH_0231,9,30,97.93,2.07
BATCH_0231,12,30,95.72,4.28
BATCH_0232,0,30,100.91,0.0
BATCH_0232,1,30,100.98,0.0
BATCH_0232,3,30,100.13,0.0
BATCH_0232,6,40,98.96,1.04
BATCH_0232,9,40,98.33,1.67
BATCH_0232,12,30,96.98,3.02
BATCH_0233,0,40,100.59,0.0
BATCH_0233,1,40,100.64,0.0
BATCH_0233,3,25,100.3,0.0
BATCH_0233,6,30,99.04,0.96
BATCH_0233,9,40,98.15,1.85
BATCH_0233,12,40,97.06,2.94
BATCH_0234,0,30,99.85,0.15
BATCH_0234,1,30,99.17,0.83
BATCH_0234,3,30,98.16,1.84
BATCH_0234,6,40,97.6,2.4
BATCH_0234,9,25,96.77,3.23
BATCH_0234,12,30,95.1,4.9
BATCH_0235,0,25,100.45,0.0
BATCH_0235,1,40,100.01,0.0
BATCH_0235,3,40,99.33,0.67
BATCH_0235,6,25,98.13,1.87
BATCH_0235,9,30,97.61,2.39
BATCH_0235,12,25,96.68,3.32
BATCH_0236,0,40,101.77,0.0
BATCH_0236,1,30,100.68,0.0
BATCH_0236,3,30,99.79,0.21
BATCH_0236,6,30,99.83,0.17
BATCH_0236,9,30,97.97,2.03
BATCH_0236,12,30,97.1,2.9
BATCH_0237,0,40,98.55,1.45
BATCH_0237,1,25,99.38,0.62
BATCH_0237,3,40,98.34,1.66
BATCH_0237,6,40,97.75,2.25
BATCH_0237,9,40,96.6,3.4
BATCH_0237,12,40,95.99,4.01
BATCH_0238,0,40,102.19,0.0
BATCH_0238,1,30,101.06,0.0
BATCH_0238,3,40,100.38,0.0
BATCH_0238,6,30,99.8,0.2
BATCH_0238,9,25,99.55,0.45
BATCH_0238,12,30,98.26,1.74
BATCH_0239,0,25,100.93,0.0
BATCH_0239,1,25,99.46,0.54
BATCH_0239,3,30,99.83,0.17
BATCH_0239,6,30,98.93,1.07
BATCH_0239,9,25,97.99,2.01
BATCH_0239,12,40,97.29,2.71
BATCH_0240,0,40,101.34,0.0
BATCH_0240,1,40,100.48,0.0
BATCH_0240,3,30,99.91,0.09
BATCH_0240,6,25,99.21,0.79
BATCH_0240,9,40,98.69,1.31
BATCH_0240,12,40,97.66,2.34
BATCH_0241,0,25,101.34,0.0
BATCH_0241,1,25,100.13,0.0
BATCH_0241,3,40,100.11,0.0
BATCH_0241,6,40,99.63,0.37
BATCH_0241,9,25,98.17,1.83
BATCH_0241,12,40,97.14,2.86
BATCH_0242,0,40,100.47,0.0
BATCH_0242,1,25,98.73,1.27
BATCH_0242,3,40,98.81,1.19
BATCH_0242,6,25,97.1,2.9
BATCH_0242,9,25,97.21,2.79
BATCH_0242,12,30,96.29,3.71
BATCH_0243,0,40,99.69,0.31
BATCH_0243,1,30,99.43,0.57
BATCH_0243,3,30,99.52,0.48
BATCH_0243,6,25,97.39,2.61
BATCH_0243,9,25,96.02,3.98
BATCH_0243,12,25,96.17,3.83
BATCH_0244,0,25,98.22,1.78
BATCH_0244,1,25,97.85,2.15
BATCH_0244,3,40,97.76,2.24
BATCH_0244,6,40,96.0,4.0
BATCH_0244,9,30,95.89,4.11
BATCH_0244,12,30,94.41,5.59
BATCH_0245,0,40,101.58,0.0
BATCH_0245,1,30,101.57,0.0
BATCH_0245,3,40,100.98,0.0
BATCH_0245,6,25,99.24,0.76
BATCH_0245,9,30,99.28,0.72
BATCH_0245,12,25,98.95,1.05
BATCH_0246,0,25,99.82,0.18
BATCH_0246,1,30,99.4,0.6
BATCH_0246,3,25,98.46,1.54
BATCH_0246,6,25,98.45,1.55
BATCH_0246,9,30,96.73,3.27
BATCH_0246,12,25,95.73,4.27
BATCH_0247,0,30,98.42,1.58
BATCH_0247,1,25,98.03,1.97
BATCH_0247,3,30,97.25,2.75
BATCH_0247,6,40,96.7,3.3
BATCH_0247,9,40,96.11,3.89
BATCH_0247,12,40,95.49,4.51
BATCH_0248,0,30,99.55,0.45
BATCH_0248,1,25,100.18,0.0
BATCH_0248,3,40,99.84,0.16
BATCH_0248,6,30,99.07,0.93
BATCH_0248,9,25,98.0,2.0
BATCH_0248,12,30,96.39,3.61
BATCH_0249,0,30,99.32,0.68
BATCH_0249,1,25,98.76,1.24
BATCH_0249,3,25,97.89,2.11
BATCH_0249,6,25,98.29,1.71
BATCH_0249,9,40,96.55,3.45
BATCH_0249,12,30,96.38,3.62
BATCH_0250,0,40,100.25,0.0
BATCH_0250,1,30,98.3,1.7
BATCH_0250,3,25,97.71,2.29
BATCH_0250,6,40,97.67,2.33
BATCH_0250,9,40,97.01,2.99
BATCH_0250,12,40,95.6,4.4
BATCH_0251,0,25,100.34,0.0
BATCH_0251,1,25,100.59,0.0
BATCH_0251,3,25,99.31,0.69
BATCH_0251,6,40,98.17,1.83
BATCH_0251,9,30,96.5,3.5
BATCH_0251,12,25,96.47,3.53
BATCH_0252,0,40,100.77,0.0
BATCH_0252,1,25,99.18,0.82
BATCH_0252,3,30,99.79,0.21
BATCH_0252,6,30,98.9,1.1
BATCH_0252,9,25,97.62,2.38
BATCH_0252,12,40,97.11,2.89
BATCH_0253,0,25,100.6,0.0
BATCH_0253,1,40,99.84,0.16
BATCH_0253,3,30,99.83,0.17
BATCH_0253,6,30,97.8,2.2
BATCH_0253,9,40,98.78,1.22
BATCH_0253,12,25,97.03,2.97
BATCH_0254,0,25,100.36,0.0
BATCH_0254,1,25,99.31,0.69
BATCH_0254,3,40,99.43,0.57
BATCH_0254,6,25,98.72,1.28
BATCH_0254,9,30,96.72,3.28
BATCH_0254,12,25,96.44,3.56
BATCH_0255,0,25,100.94,0.0
BATCH_0255,1,40,100.37,0.0
BATCH_0255,3,25,99.25,0.75
BATCH_0255,6,40,99.2,0.8
BATCH_0255,9,30,97.45,2.55
BATCH_0255,12,30,96.84,3.16
BATCH_0256,0,30,99.28,0.72
BATCH_0256,1,30,97.65,2.35
BATCH_0256,3,30,99.41,0.59
BATCH_0256,6,40,97.51,2.49
BATCH_0256,9,40,96.7,3.3
BATCH_0256,12,40,95.84,4.16
BATCH_0257,0,25,100.99,0.0
BATCH_0257,1,30,100.32,0.0
BATCH_0257,3,25,99.84,0.16
BATCH_0257,6,25,99.4,0.6
BATCH_0257,9,30,98.53,1.47
BATCH_0257,12,40,97.25,2.75
BATCH_0258,0,25,100.8,0.0
BATCH_0258,1,25,100.26,0.0
BATCH_0258,3,30,98.45,1.55
BATCH_0258,6,30,98.75,1.25
BATCH_0258,9,40,97.68,2.32
BATCH_0258,12,25,96.14,3.86
BATCH_0259,0,30,97.91,2.09
BATCH_0259,1,30,98.06,1.94
BATCH_0259,3,30,97.11,2.89
BATCH_0259,6,30,95.87,4.13
BATCH_0259,9,40,95.34,4.66
BATCH_0259,12,25,94.9,5.1
BATCH_0260,0,30,97.65,2.35
BATCH_0260,1,30,97.53,2.47
BATCH_0260,3,30,97.52,2.48
BATCH_0260,6,30,96.08,3.92
BATCH_0260,9,25,95.13,4.87
BATCH_0260,12,25,95.05,4.95
BATCH_0261,0,40,102.06,0.0
BATCH_0261,1,40,100.76,0.0
BATCH_0261,3,25,100.09,0.0
BATCH_0261,6,40,99.65,0.35
BATCH_0261,9,40,99.53,0.47
BATCH_0261,12,40,97.97,2.03
BATCH_0262,0,25,101.01,0.0
BATCH_0262,1,30,100.11,0.0
BATCH_0262,3,40,101.51,0.0
BATCH_0262,6,40,99.83,0.17
BATCH_0262,9,30,99.04,0.96
BATCH_0262,12,30,98.2,1.8
BATCH_0263,0,25,100.42,0.0
BATCH_0263,1,30,98.83,1.17
BATCH_0263,3,25,98.07,1.93
BATCH_0263,6,40,97.41,2.59
BATCH_0263,9,25,96.47,3.53
BATCH_0263,12,30,97.11,2.89
BATCH_0264,0,25,98.92,1.08
BATCH_0264,1,30,97.95,2.05
BATCH_0264,3,25,98.0,2.0
BATCH_0264,6,40,96.12,3.88
BATCH_0264,9,30,96.18,3.82
BATCH_0264,12,25,95.39,4.61
BATCH_0265,0,40,99.85,0.15
BATCH_0265,1,25,100.12,0.0
BATCH_0265,3,30,99.42,0.58
BATCH_0265,6,25,99.3,0.7
BATCH_0265,9,25,97.64,2.36
BATCH_0265,12,25,96.84,3.16
BATCH_0266,0,40,99.94,0.06
BATCH_0266,1,30,99.91,0.09
BATCH_0266,3,40,99.05,0.95
BATCH_0266,6,25,99.54,0.46
BATCH_0266,9,40,98.21,1.79
BATCH_0266,12,25,97.03,2.97
BATCH_0267,0,40,101.42,0.0
BATCH_0267,1,30,100.71,0.0
BATCH_0267,3,30,100.23,0.0
BATCH_0267,6,40,100.0,0.0
BATCH_0267,9,30,98.12,1.88
BATCH_0267,12,30,97.37,2.63
BATCH_0268,0,30,100.63,0.0
BATCH_0268,1,25,99.86,0.14
BATCH_0268,3,25,99.48,0.52
BATCH_0268,6,25,98.82,1.18
BATCH_0268,9,40,97.52,2.48
BATCH_0268,12,30,95.48,4.52
BATCH_0269,0,25,100.42,0.0
BATCH_0269,1,40,99.99,0.01
BATCH_0269,3,40,99.48,0.52
BATCH_0269,6,25,97.87,2.13
BATCH_0269,9,30,98.07,1.93
BATCH_0269,12,40,96.52,3.48
BATCH_0270,0,40,99.84,0.16
BATCH_0270,1,30,99.74,0.26
BATCH_0270,3,40,99.0,1.0
BATCH_0270,6,30,97.65,2.35
BATCH_0270,9,25,97.84,2.16
BATCH_0270,12,25,96.47,3.53
BATCH_0271,0,40,101.8,0.0
BATCH_0271,1,40,100.58,0.0
BATCH_0271,3,25,101.35,0.0
BATCH_0271,6,25,99.65,0.35
BATCH_0271,9,25,98.49,1.51
BATCH_0271,12,25,97.99,2.01
BATCH_0272,0,40,101.3,0.0
BATCH_0272,1,30,100.15,0.0
BATCH_0272,3,25,99.7,0.3
BATCH_0272,6,30,98.2,1.8
BATCH_0272,9,30,97.83,2.17
BATCH_0272,12,40,97.94,2.06
BATCH_0273,0,25,101.03,0.0
BATCH_0273,1,25,100.89,0.0
BATCH_0273,3,40,99.6,0.4
BATCH_0273,6,40,98.85,1.15
BATCH_0273,9,30,98.12,1.88
BATCH_0273,12,25,96.76,3.24
BATCH_0274,0,40,98.02,1.98
BATCH_0274,1,40,97.76,2.24
BATCH_0274,3,30,98.85,1.15
BATCH_0274,6,40,96.86,3.14
BATCH_0274,9,25,96.55,3.45
BATCH_0274,12,40,94.14,5.86
BATCH_0275,0,30,99.98,0.02
BATCH_0275,1,40,100.71,0.0
BATCH_0275,3,30,98.61,1.39
BATCH_0275,6,30,98.74,1.26
BATCH_0275,9,40,97.72,2.28
BATCH_0275,12,40,96.28,3.72
BATCH_0276,0,40,97.94,2.06
BATCH_0276,1,40,98.09,1.91
BATCH_0276,3,40,97.5,2.5
BATCH_0276,6,25,96.98,3.02
BATCH_0276,9,40,95.77,4.23
BATCH_0276,12,25,94.96,5.04
BATCH_0277,0,40,98.59,1.41
BATCH_0277,1,30,98.76,1.24
BATCH_0277,3,40,97.45,2.55
BATCH_0277,6,25,95.84,4.16
BATCH_0277,9,30,96.0,4.0
BATCH_0277,12,25,95.23,4.77
BATCH_0278,0,25,100.08,0.0
BATCH_0278,1,25,99.1,0.9
BATCH_0278,3,30,98.97,1.03
BATCH_0278,6,40,98.33,1.67
BATCH_0278,9,30,97.41,2.59
BATCH_0278,12,30,97.06,2.94
BATCH_0279,0,40,101.96,0.0
BATCH_0279,1,40,100.78,0.0
BATCH_0279,3,30,101.35,0.0
BATCH_0279,6,30,100.34,0.0
BATCH_0279,9,40,100.06,0.0
BATCH_0279,12,40,98.77,1.23
BATCH_0280,0,25,100.49,0.0
BATCH_0280,1,40,99.92,0.08
BATCH_0280,3,40,98.23,1.77
BATCH_0280,6,30,99.4,0.6
BATCH_0280,9,40,97.32,2.68
BATCH_0280,12,40,96.82,3.18
BATCH_0281,0,25,99.81,0.19
BATCH_0281,1,30,99.62,0.38
BATCH_0281,3,30,99.07,0.93
BATCH_0281,6,25,96.61,3.39
BATCH_0281,9,25,96.36,3.64
BATCH_0281,12,30,95.82,4.18
BATCH_0282,0,40,101.64,0.0
BATCH_0282,1,25,99.87,0.13
BATCH_0282,3,25,99.99,0.01
BATCH_0282,6,40,98.92,1.08
BATCH_0282,9,40,98.54,1.46
BATCH_0282,12,40,96.05,3.95
BATCH_0283,0,25,99.89,0.11
BATCH_0283,1,40,99.12,0.88
BATCH_0283,3,25,98.35,1.65
BATCH_0283,6,40,97.49,2.51
BATCH_0283,9,40,97.09,2.91
BATCH_0283,12,40,95.85,4.15
BATCH_0284,0,30,100.47,0.0
BATCH_0284,1,30,100.57,0.0
BATCH_0284,3,30,100.61,0.0
BATCH_0284,6,25,99.68,0.32
BATCH_0284,9,40,98.48,1.52
BATCH_0284,12,30,97.33,2.67
BATCH_0285,0,40,100.38,0.0
BATCH_0285,1,25,100.69,0.0
BATCH_0285,3,40,98.81,1.19
BATCH_0285,6,40,98.55,1.45
BATCH_0285,9,25,97.11,2.89
BATCH_0285,12,30,96.78,3.22
BATCH_0286,0,30,101.05,0.0
BATCH_0286,1,30,101.3,0.0
BATCH_0286,3,25,100.66,0.0
BATCH_0286,6,30,98.64,1.36
BATCH_0286,9,40,97.48,2.52
BATCH_0286,12,25,97.35,2.65
BATCH_0287,0,25,100.65,0.0
BATCH_0287,1,40,100.08,0.0
BATCH_0287,3,40,99.05,0.95
BATCH_0287,6,30,98.59,1.41
BATCH_0287,9,25,98.0,2.0
BATCH_0287,12,25,97.76,2.24
BATCH_0288,0,25,100.93,0.0
BATCH_0288,1,30,99.94,0.06
BATCH_0288,3,25,99.09,0.91
BATCH_0288,6,25,99.18,0.82
BATCH_0288,9,30,97.61,2.39
BATCH_0288,12,40,97.44,2.56
BATCH_0289,0,30,101.24,0.0
BATCH_0289,1,40,101.2,0.0
BATCH_0289,3,40,100.02,0.0
BATCH_0289,6,30,99.86,0.14
BATCH_0289,9,25,98.97,1.03
BATCH_0289,12,40,97.59,2.41
BATCH_0290,0,40,98.19,1.81
BATCH_0290,1,30,97.41,2.59
BATCH_0290,3,30,96.79,3.21
BATCH_0290,6,40,96.86,3.14
BATCH_0290,9,25,95.35,4.65
BATCH_0290,12,30,95.31,4.69
BATCH_0291,0,30,101.06,0.0
BATCH_0291,1,30,100.64,0.0
BATCH_0291,3,30,100.17,0.0
BATCH_0291,6,30,98.76,1.24
BATCH_0291,9,30,97.71,2.29
BATCH_0291,12,30,96.37,3.63
BATCH_0292,0,25,100.22,0.0
BATCH_0292,1,30,99.79,0.21
BATCH_0292,3,40,98.66,1.34
BATCH_0292,6,25,97.7,2.3
BATCH_0292,9,25,96.62,3.38
BATCH_0292,12,30,96.47,3.53
BATCH_0293,0,40,98.91,1.09
BATCH_0293,1,25,99.47,0.53
BATCH_0293,3,25,97.95,2.05
BATCH_0293,6,40,96.92,3.08
BATCH_0293,9,40,96.75,3.25
BATCH_0293,12,30,96.35,3.65
BATCH_0294,0,30,99.89,0.11
BATCH_0294,1,30,100.41,0.0
BATCH_0294,3,40,99.57,0.43
BATCH_0294,6,40,99.01,0.99
BATCH_0294,9,25,96.78,3.22
BATCH_0294,12,40,96.01,3.99
BATCH_0295,0,30,98.52,1.48
BATCH_0295,1,25,97.75,2.25
BATCH_0295,3,40,98.32,1.68
BATCH_0295,6,40,96.37,3.63
BATCH_0295,9,25,95.42,4.58
BATCH_0295,12,25,96.06,3.94
BATCH_0296,0,25,99.9,0.1
BATCH_0296,1,25,99.39,0.61
BATCH_0296,3,30,99.94,0.06
BATCH_0296,6,30,96.32,3.68
BATCH_0296,9,40,97.53,2.47
BATCH_0296,12,25,95.8,4.2
BATCH_0297,0,30,100.44,0.0
BATCH_0297,1,40,98.5,1.5
BATCH_0297,3,25,98.56,1.44
BATCH_0297,6,30,98.19,1.81
BATCH_0297,9,25,96.29,3.71
BATCH_0297,12,25,96.56,3.44
BATCH_0298,0,30,98.96,1.04
BATCH_0298,1,30,98.76,1.24
BATCH_0298,3,40,98.7,1.3
BATCH_0298,6,25,97.15,2.85
BATCH_0298,9,40,97.1,2.9
BATCH_0298,12,25,95.81,4.19
BATCH_0299,0,30,98.43,1.57
BATCH_0299,1,30,98.34,1.66
BATCH_0299,3,40,98.15,1.85
BATCH_0299,6,25,96.91,3.09
BATCH_0299,9,30,96.34,3.66
BATCH_0299,12,40,95.06,4.94
BATCH_0300,0,25,98.62,1.38
BATCH_0300,1,40,97.8,2.2
BATCH_0300,3,25,98.69,1.31
BATCH_0300,6,40,97.28,2.72
BATCH_0300,9,30,95.62,4.38
BATCH_0300,12,40,95.15,4.85
BATCH_0301,0,25,101.7,0.0
BATCH_0301,1,25,100.65,0.0
BATCH_0301,3,30,99.97,0.03
BATCH_0301,6,25,99.82,0.18
BATCH_0301,9,30,98.57,1.43
BATCH_0301,12,30,97.89,2.11
BATCH_0302,0,25,98.49,1.51
BATCH_0302,1,40,99.32,0.68
BATCH_0302,3,40,98.44,1.56
BATCH_0302,6,30,98.64,1.36
BATCH_0302,9,30,97.12,2.88
BATCH_0302,12,25,95.97,4.03
BATCH_0303,0,40,102.79,0.0
BATCH_0303,1,30,100.55,0.0
BATCH_0303,3,40,100.26,0.0
BATCH_0303,6,40,98.4,1.6
BATCH_0303,9,40,98.56,1.44
BATCH_0303,12,25,97.03,2.97
BATCH_0304,0,25,100.35,0.0
BATCH_0304,1,40,99.85,0.15
BATCH_0304,3,30,99.61,0.39
BATCH_0304,6,30,99.13,0.87
BATCH_0304,9,30,96.94,3.06
BATCH_0304,12,30,96.7,3.3
BATCH_0305,0,30,101.22,0.0
BATCH_0305,1,40,99.94,0.06
BATCH_0305,3,30,100.0,0.0
BATCH_0305,6,30,99.73,0.27
BATCH_0305,9,40,98.42,1.58
BATCH_0305,12,25,98.4,1.6
BATCH_0306,0,30,99.3,0.7
BATCH_0306,1,30,99.34,0.66
BATCH_0306,3,30,98.33,1.67
BATCH_0306,6,40,97.55,2.45
BATCH_0306,9,40,97.71,2.29
BATCH_0306,12,25,95.98,4.02
BATCH_0307,0,25,98.05,1.95
BATCH_0307,1,30,98.46,1.54
BATCH_0307,3,40,97.37,2.63
BATCH_0307,6,25,95.54,4.46
BATCH_0307,9,30,95.45,4.55
BATCH_0307,12,40,94.4,5.6
BATCH_0308,0,40,99.76,0.24
BATCH_0308,1,40,99.45,0.55
BATCH_0308,3,40,99.34,0.66
BATCH_0308,6,30,97.33,2.67
BATCH_0308,9,30,96.92,3.08
BATCH_0308,12,30,96.71,3.29
BATCH_0309,0,30,100.71,0.0
BATCH_0309,1,40,100.47,0.0
BATCH_0309,3,25,100.24,0.0
BATCH_0309,6,30,98.5,1.5
BATCH_0309,9,40,97.7,2.3
BATCH_0309,12,25,97.36,2.64
BATCH_0310,0,40,101.16,0.0
BATCH_0310,1,25,100.73,0.0
BATCH_0310,3,40,99.93,0.07
BATCH_0310,6,30,98.97,1.03
BATCH_0310,9,30,98.19,1.81
BATCH_0310,12,40,97.93,2.07
BATCH_0311,0,40,99.71,0.29
BATCH_0311,1,25,98.71,1.29
BATCH_0311,3,40,99.0,1.0
BATCH_0311,6,30,97.43,2.57
BATCH_0311,9,25,97.05,2.95
BATCH_0311,12,30,96.3,3.7
BATCH_0312,0,30,101.51,0.0
BATCH_0312,1,40,100.34,0.0
BATCH_0312,3,40,101.13,0.0
BATCH_0312,6,30,99.18,0.82
BATCH_0312,9,30,98.52,1.48
BATCH_0312,12,30,96.77,3.23
BATCH_0313,0,25,100.04,0.0
BATCH_0313,1,40,100.13,0.0
BATCH_0313,3,40,98.87,1.13
BATCH_0313,6,25,98.37,1.63
BATCH_0313,9,30,98.9,1.1
BATCH_0313,12,30,97.09,2.91
BATCH_0314,0,25,100.79,0.0
BATCH_0314,1,25,100.81,0.0
BATCH_0314,3,30,99.94,0.06
BATCH_0314,6,40,99.25,0.75
BATCH_0314,9,40,99.14,0.86
BATCH_0314,12,25,97.97,2.03
BATCH_0315,0,25,101.64,0.0
BATCH_0315,1,25,101.24,0.0
BATCH_0315,3,25,100.4,0.0
BATCH_0315,6,25,99.64,0.36
BATCH_0315,9,40,98.91,1.09
BATCH_0315,12,30,98.24,1.76
BATCH_0316,0,30,100.27,0.0
BATCH_0316,1,25,99.77,0.23
BATCH_0316,3,30,99.31,0.69
BATCH_0316,6,25,98.05,1.95
BATCH_0316,9,30,97.54,2.46
BATCH_0316,12,25,97.03,2.97
BATCH_0317,0,30,99.87,0.13
BATCH_0317,1,40,99.92,0.08
BATCH_0317,3,30,97.32,2.68
BATCH_0317,6,30,96.68,3.32
BATCH_0317,9,30,96.41,3.59
BATCH_0317,12,40,95.17,4.83
BATCH_0318,0,40,98.68,1.32
BATCH_0318,1,25,98.31,1.69
BATCH_0318,3,40,96.2,3.8
BATCH_0318,6,25,95.77,4.23
BATCH_0318,9,30,95.17,4.83
BATCH_0318,12,30,95.33,4.67
BATCH_0319,0,30,101.52,0.0
BATCH_0319,1,30,100.87,0.0
BATCH_0319,3,30,100.28,0.0
BATCH_0319,6,25,99.65,0.35
BATCH_0319,9,30,98.23,1.77
BATCH_0319,12,40,97.98,2.02
BATCH_0320,0,25,99.03,0.97
BATCH_0320,1,40,99.57,0.43
BATCH_0320,3,25,97.57,2.43
BATCH_0320,6,25,96.37,3.63
BATCH_0320,9,40,96.7,3.3
BATCH_0320,12,40,94.79,5.21
BATCH_0321,0,25,97.92,2.08
BATCH_0321,1,25,97.86,2.14
BATCH_0321,3,25,97.12,2.88
BATCH_0321,6,25,96.76,3.24
BATCH_0321,9,30,96.3,3.7
BATCH_0321,12,30,95.03,4.97
BATCH_0322,0,30,98.78,1.22
BATCH_0322,1,40,99.41,0.59
BATCH_0322,3,40,99.64,0.36
BATCH_0322,6,25,97.75,2.25
BATCH_0322,9,40,97.72,2.28
BATCH_0322,12,40,95.78,4.22
BATCH_0323,0,40,99.72,0.28
BATCH_0323,1,40,99.9,0.1
BATCH_0323,3,30,99.66,0.34
BATCH_0323,6,25,97.7,2.3
BATCH_0323,9,25,96.81,3.19
BATCH_0323,12,30,96.01,3.99
BATCH_0324,0,25,100.69,0.0
BATCH_0324,1,30,100.69,0.0
BATCH_0324,3,25,100.04,0.0
BATCH_0324,6,40,98.65,1.35
BATCH_0324,9,25,98.44,1.56
BATCH_0324,12,25,97.88,2.12
BATCH_0325,0,40,100.09,0.0
BATCH_0325,1,30,98.88,1.12
BATCH_0325,3,40,98.48,1.52
BATCH_0325,6,40,98.35,1.65
BATCH_0325,9,30,96.79,3.21
BATCH_0325,12,40,96.16,3.84
BATCH_0326,0,25,98.23,1.77
BATCH_0326,1,40,98.99,1.01
BATCH_0326,3,30,99.09,0.91
BATCH_0326,6,40,97.26,2.74
BATCH_0326,9,25,96.19,3.81
BATCH_0326,12,25,96.15,3.85
BATCH_0327,0,40,99.66,0.34
BATCH_0327,1,40,98.48,1.52
BATCH_0327,3,30,98.3,1.7
BATCH_0327,6,30,97.33,2.67
BATCH_0327,9,30,95.6,4.4
BATCH_0327,12,40,95.18,4.82
BATCH_0328,0,30,100.01,0.0
BATCH_0328,1,25,100.18,0.0
BATCH_0328,3,40,99.34,0.66
BATCH_0328,6,25,98.79,1.21
BATCH_0328,9,25,97.7,2.3
BATCH_0328,12,30,97.27,2.73
BATCH_0329,0,30,100.03,0.0
BATCH_0329,1,25,99.21,0.79
BATCH_0329,3,25,99.49,0.51
BATCH_0329,6,25,98.03,1.97
BATCH_0329,9,25,96.98,3.02
BATCH_0329,12,40,96.7,3.3
BATCH_0330,0,30,99.84,0.16
BATCH_0330,1,40,99.48,0.52
BATCH_0330,3,25,100.64,0.0
BATCH_0330,6,40,99.5,0.5
BATCH_0330,9,25,96.65,3.35
BATCH_0330,12,30,97.23,2.77
BATCH_0331,0,25,99.01,0.99
BATCH_0331,1,25,98.81,1.19
BATCH_0331,3,30,98.29,1.71
BATCH_0331,6,40,96.59,3.41
BATCH_0331,9,40,95.42,4.58
BATCH_0331,12,25,95.37,4.63
BATCH_0332,0,40,99.05,0.95
BATCH_0332,1,40,99.43,0.57
BATCH_0332,3,40,97.19,2.81
BATCH_0332,6,40,97.48,2.52
BATCH_0332,9,25,96.29,3.71
BATCH_0332,12,30,94.58,5.42
BATCH_0333,0,40,101.21,0.0
BATCH_0333,1,25,100.47,0.0
BATCH_0333,3,30,100.42,0.0
BATCH_0333,6,30,99.44,0.56
BATCH_0333,9,30,98.49,1.51
BATCH_0333,12,30,97.66,2.34
BATCH_0334,0,30,101.68,0.0
BATCH_0334,1,40,101.57,0.0
BATCH_0334,3,40,100.39,0.0
BATCH_0334,6,25,99.57,0.43
BATCH_0334,9,30,99.56,0.44
BATCH_0334,12,30,98.28,1.72
BATCH_0335,0,30,100.46,0.0
BATCH_0335,1,40,100.05,0.0
BATCH_0335,3,25,99.93,0.07
BATCH_0335,6,25,99.44,0.56
BATCH_0335,9,30,98.38,1.62
BATCH_0335,12,30,96.98,3.02
BATCH_0336,0,30,99.98,0.02
BATCH_0336,1,25,98.99,1.01
BATCH_0336,3,40,98.42,1.58
BATCH_0336,6,25,97.94,2.06
BATCH_0336,9,40,97.28,2.72
BATCH_0336,12,25,95.73,4.27
BATCH_0337,0,25,101.1,0.0
BATCH_0337,1,30,101.53,0.0
BATCH_0337,3,30,100.31,0.0
BATCH_0337,6,40,99.39,0.61
BATCH_0337,9,40,97.88,2.12
BATCH_0337,12,25,98.41,1.59
BATCH_0338,0,25,98.67,1.33
BATCH_0338,1,25,97.91,2.09
BATCH_0338,3,25,98.69,1.31
BATCH_0338,6,40,96.13,3.87
BATCH_0338,9,40,96.33,3.67
BATCH_0338,12,40,95.31,4.69
BATCH_0339,0,30,99.25,0.75
BATCH_0339,1,40,99.28,0.72
BATCH_0339,3,40,99.1,0.9
BATCH_0339,6,40,97.43,2.57
BATCH_0339,9,25,97.28,2.72
BATCH_0339,12,25,95.29,4.71
BATCH_0340,0,40,100.18,0.0
BATCH_0340,1,30,99.7,0.3
BATCH_0340,3,40,99.43,0.57
BATCH_0340,6,25,98.09,1.91
BATCH_0340,9,40,96.71,3.29
BATCH_0340,12,25,97.46,2.54
BATCH_0341,0,40,99.74,0.26
BATCH_0341,1,30,98.9,1.1
BATCH_0341,3,40,99.51,0.49
BATCH_0341,6,40,98.18,1.82
BATCH_0341,9,30,97.32,2.68
BATCH_0341,12,30,97.05,2.95
BATCH_0342,0,40,100.59,0.0
BATCH_0342,1,40,98.92,1.08
BATCH_0342,3,40,99.34,0.66
BATCH_0342,6,25,98.62,1.38
BATCH_0342,9,30,97.82,2.18
BATCH_0342,12,40,97.06,2.94
BATCH_0343,0,25,100.88,0.0
BATCH_0343,1,25,102.22,0.0
BATCH_0343,3,30,100.21,0.0
BATCH_0343,6,30,99.42,0.58
BATCH_0343,9,25,98.69,1.31
BATCH_0343,12,40,97.82,2.18
BATCH_0344,0,40,99.78,0.22
BATCH_0344,1,30,99.06,0.94
BATCH_0344,3,30,97.82,2.18
BATCH_0344,6,30,97.47,2.53
BATCH_0344,9,40,97.09,2.91
BATCH_0344,12,40,96.47,3.53
BATCH_0345,0,30,100.85,0.0
BATCH_0345,1,30,100.74,0.0
BATCH_0345,3,30,99.91,0.09
BATCH_0345,6,30,98.36,1.64
BATCH_0345,9,30,97.06,2.94
BATCH_0345,12,40,96.95,3.05
BATCH_0346,0,25,99.5,0.5
BATCH_0346,1,30,99.52,0.48
BATCH_0346,3,40,98.19,1.81
BATCH_0346,6,25,96.98,3.02
BATCH_0346,9,25,96.17,3.83
BATCH_0346,12,40,96.28,3.72
BATCH_0347,0,25,99.33,0.67
BATCH_0347,1,25,98.0,2.0
BATCH_0347,3,30,97.19,2.81
BATCH_0347,6,30,97.23,2.77
BATCH_0347,9,30,95.52,4.48
BATCH_0347,12,25,95.42,4.58
BATCH_0348,0,30,98.19,1.81
BATCH_0348,1,25,97.79,2.21
BATCH_0348,3,40,97.73,2.27
BATCH_0348,6,30,97.08,2.92
BATCH_0348,9,30,95.24,4.76
BATCH_0348,12,40,94.3,5.7
BATCH_0349,0,40,102.79,0.0
BATCH_0349,1,30,101.83,0.0
BATCH_0349,3,40,102.38,0.0
BATCH_0349,6,25,99.3,0.7
BATCH_0349,9,30,99.91,0.09
BATCH_0349,12,30,98.42,1.58
BATCH_0350,0,30,99.07,0.93
BATCH_0350,1,25,99.74,0.26
BATCH_0350,3,30,98.55,1.45
BATCH_0350,6,30,97.83,2.17
BATCH_0350,9,25,97.04,2.96
BATCH_0350,12,25,96.74,3.26
BATCH_0351,0,25,99.9,0.1
BATCH_0351,1,40,98.94,1.06
BATCH_0351,3,40,98.79,1.21
BATCH_0351,6,40,98.12,1.88
BATCH_0351,9,30,96.61,3.39
BATCH_0351,12,30,96.12,3.88
BATCH_0352,0,40,100.17,0.0
BATCH_0352,1,40,98.22,1.78
BATCH_0352,3,25,98.01,1.99
BATCH_0352,6,30,97.79,2.21
BATCH_0352,9,30,96.42,3.58
BATCH_0352,12,30,94.89,5.11
BATCH_0353,0,30,101.03,0.0
BATCH_0353,1,40,100.03,0.0
BATCH_0353,3,25,99.79,0.21
BATCH_0353,6,40,100.02,0.0
BATCH_0353,9,40,98.84,1.16
BATCH_0353,12,25,97.16,2.84
BATCH_0354,0,30,101.28,0.0
BATCH_0354,1,25,100.56,0.0
BATCH_0354,3,25,100.35,0.0
BATCH_0354,6,40,99.73,0.27
BATCH_0354,9,40,98.53,1.47
BATCH_0354,12,25,96.53,3.47
BATCH_0355,0,25,98.32,1.68
BATCH_0355,1,25,98.31,1.69
BATCH_0355,3,30,97.07,2.93
BATCH_0355,6,25,96.77,3.23
BATCH_0355,9,25,95.62,4.38
BATCH_0355,12,40,94.61,5.39
BATCH_0356,0,40,100.8,0.0
BATCH_0356,1,25,100.63,0.0
BATCH_0356,3,30,100.57,0.0
BATCH_0356,6,40,99.14,0.86
BATCH_0356,9,30,97.96,2.04
BATCH_0356,12,30,96.37,3.63
BATCH_0357,0,25,100.51,0.0
BATCH_0357,1,40,98.82,1.18
BATCH_0357,3,25,99.01,0.99
BATCH_0357,6,25,97.74,2.26
BATCH_0357,9,25,97.4,2.6
BATCH_0357,12,30,96.34,3.66
BATCH_0358,0,30,98.24,1.76
BATCH_0358,1,30,97.08,2.92
BATCH_0358,3,25,98.04,1.96
BATCH_0358,6,40,96.53,3.47
BATCH_0358,9,40,96.25,3.75
BATCH_0358,12,25,94.92,5.08
BATCH_0359,0,25,98.53,1.47
BATCH_0359,1,30,97.82,2.18
BATCH_0359,3,30,97.85,2.15
BATCH_0359,6,40,96.76,3.24
BATCH_0359,9,25,96.09,3.91
BATCH_0359,12,30,95.26,4.74
BATCH_0360,0,25,99.47,0.53
BATCH_0360,1,25,100.19,0.0
BATCH_0360,3,30,99.44,0.56
BATCH_0360,6,25,98.67,1.33
BATCH_0360,9,30,98.08,1.92
BATCH_0360,12,25,96.07,3.93
BATCH_0361,0,40,99.85,0.15
BATCH_0361,1,40,100.73,0.0
BATCH_0361,3,30,99.23,0.77
BATCH_0361,6,30,97.96,2.04
BATCH_0361,9,30,97.5,2.5
BATCH_0361,12,30,96.4,3.6
BATCH_0362,0,30,99.65,0.35
BATCH_0362,1,30,99.44,0.56
BATCH_0362,3,25,98.59,1.41
BATCH_0362,6,40,98.08,1.92
BATCH_0362,9,25,97.45,2.55
BATCH_0362,12,40,96.03,3.97
BATCH_0363,0,40,97.74,2.26
BATCH_0363,1,40,97.8,2.2
BATCH_0363,3,25,97.35,2.65
BATCH_0363,6,30,95.54,4.46
BATCH_0363,9,30,95.96,4.04
BATCH_0363,12,30,95.2,4.8
BATCH_0364,0,25,101.68,0.0
BATCH_0364,1,40,102.15,0.0
BATCH_0364,3,40,100.9,0.0
BATCH_0364,6,40,100.7,0.0
BATCH_0364,9,30,98.94,1.06
BATCH_0364,12,40,97.65,2.35
BATCH_0365,0,40,101.07,0.0
BATCH_0365,1,40,100.53,0.0
BATCH_0365,3,40,99.7,0.3
BATCH_0365,6,25,99.14,0.86
BATCH_0365,9,25,97.44,2.56
BATCH_0365,12,25,96.37,3.63
BATCH_0366,0,25,99.79,0.21
BATCH_0366,1,40,98.25,1.75
BATCH_0366,3,25,98.4,1.6
BATCH_0366,6,40,98.32,1.68
BATCH_0366,9,40,97.28,2.72
BATCH_0366,12,40,96.56,3.44
BATCH_0367,0,30,100.87,0.0
BATCH_0367,1,30,100.35,0.0
BATCH_0367,3,40,100.27,0.0
BATCH_0367,6,40,98.2,1.8
BATCH_0367,9,25,98.61,1.39
BATCH_0367,12,25,97.53,2.47
BATCH_0368,0,40,101.01,0.0
BATCH_0368,1,25,100.48,0.0
BATCH_0368,3,25,100.04,0.0
BATCH_0368,6,40,98.41,1.59
BATCH_0368,9,40,97.16,2.84
BATCH_0368,12,40,96.0,4.0
BATCH_0369,0,40,99.53,0.47
BATCH_0369,1,25,100.85,0.0
BATCH_0369,3,25,99.1,0.9
BATCH_0369,6,25,97.79,2.21
BATCH_0369,9,30,96.9,3.1
BATCH_0369,12,25,96.33,3.67
BATCH_0370,0,25,99.6,0.4
BATCH_0370,1,40,99.8,0.2
BATCH_0370,3,25,99.35,0.65
BATCH_0370,6,40,99.42,0.58
BATCH_0370,9,30,98.38,1.62
BATCH_0370,12,40,96.29,3.71
BATCH_0371,0,40,99.55,0.45
BATCH_0371,1,40,100.03,0.0
BATCH_0371,3,30,99.02,0.98
BATCH_0371,6,25,97.22,2.78
BATCH_0371,9,25,96.85,3.15
BATCH_0371,12,25,96.16,3.84
BATCH_0372,0,30,100.98,0.0
BATCH_0372,1,25,99.65,0.35
BATCH_0372,3,40,98.53,1.47
BATCH_0372,6,30,99.54,0.46
BATCH_0372,9,40,97.48,2.52
BATCH_0372,12,30,96.32,3.68
BATCH_0373,0,25,100.22,0.0
BATCH_0373,1,30,100.62,0.0
BATCH_0373,3,30,99.08,0.92
BATCH_0373,6,30,97.75,2.25
BATCH_0373,9,40,97.44,2.56
BATCH_0373,12,25,96.1,3.9
BATCH_0374,0,25,98.94,1.06
BATCH_0374,1,40,98.75,1.25
BATCH_0374,3,40,98.61,1.39
BATCH_0374,6,30,98.32,1.68
BATCH_0374,9,30,96.64,3.36
BATCH_0374,12,25,95.57,4.43
BATCH_0375,0,40,98.03,1.97
BATCH_0375,1,40,96.93,3.07
BATCH_0375,3,30,96.03,3.97
BATCH_0375,6,25,94.73,5.27
BATCH_0375,9,40,95.52,4.48
BATCH_0375,12,40,93.34,6.66
BATCH_0376,0,25,98.71,1.29
BATCH_0376,1,40,98.34,1.66
BATCH_0376,3,25,97.71,2.29
BATCH_0376,6,25,98.0,2.0
BATCH_0376,9,40,96.85,3.15
BATCH_0376,12,40,95.68,4.32
BATCH_0377,0,30,100.14,0.0
BATCH_0377,1,30,99.93,0.07
BATCH_0377,3,40,99.44,0.56
BATCH_0377,6,25,97.85,2.15
BATCH_0377,9,25,97.56,2.44
BATCH_0377,12,30,96.58,3.42
BATCH_0378,0,40,98.4,1.6
BATCH_0378,1,30,97.86,2.14
BATCH_0378,3,30,96.61,3.39
BATCH_0378,6,40,96.9,3.1
BATCH_0378,9,40,95.07,4.93
BATCH_0378,12,25,94.15,5.85
BATCH_0379,0,40,98.05,1.95
BATCH_0379,1,30,98.59,1.41
BATCH_0379,3,25,98.66,1.34
BATCH_0379,6,40,97.08,2.92
BATCH_0379,9,30,96.47,3.53
BATCH_0379,12,40,95.66,4.34
BATCH_0380,0,25,99.11,0.89
BATCH_0380,1,30,97.96,2.04
BATCH_0380,3,25,97.89,2.11
BATCH_0380,6,30,96.7,3.3
BATCH_0380,9,40,96.48,3.52
BATCH_0380,12,25,96.39,3.61
BATCH_0381,0,40,100.52,0.0
BATCH_0381,1,25,100.48,0.0
BATCH_0381,3,25,100.08,0.0
BATCH_0381,6,30,98.24,1.76
BATCH_0381,9,25,98.65,1.35
BATCH_0381,12,40,97.43,2.57
BATCH_0382,0,30,99.42,0.58
BATCH_0382,1,30,98.9,1.1
BATCH_0382,3,30,99.41,0.59
BATCH_0382,6,25,97.33,2.67
BATCH_0382,9,25,97.19,2.81
BATCH_0382,12,40,95.49,4.51
BATCH_0383,0,25,99.39,0.61
BATCH_0383,1,40,100.16,0.0
BATCH_0383,3,30,99.02,0.98
BATCH_0383,6,25,97.18,2.82
BATCH_0383,9,25,97.09,2.91
BATCH_0383,12,30,96.25,3.75
BATCH_0384,0,25,101.63,0.0
BATCH_0384,1,40,101.55,0.0
BATCH_0384,3,30,99.74,0.26
BATCH_0384,6,30,98.61,1.39
BATCH_0384,9,30,98.0,2.0
BATCH_0384,12,30,97.51,2.49
BATCH_0385,0,40,99.6,0.4
BATCH_0385,1,40,100.93,0.0
BATCH_0385,3,25,99.69,0.31
BATCH_0385,6,30,98.72,1.28
BATCH_0385,9,25,98.34,1.66
BATCH_0385,12,30,96.46,3.54
BATCH_0386,0,30,99.98,0.02
BATCH_0386,1,40,99.75,0.25
BATCH_0386,3,40,98.7,1.3
BATCH_0386,6,30,97.77,2.23
BATCH_0386,9,30,97.32,2.68
BATCH_0386,12,30,96.13,3.87
BATCH_0387,0,30,98.23,1.77
BATCH_0387,1,25,97.04,2.96
BATCH_0387,3,40,98.34,1.66
BATCH_0387,6,30,97.65,2.35
BATCH_0387,9,25,96.53,3.47
BATCH_0387,12,25,93.51,6.49
BATCH_0388,0,30,99.11,0.89
BATCH_0388,1,30,98.82,1.18
BATCH_0388,3,25,97.83,2.17
BATCH_0388,6,30,97.29,2.71
BATCH_0388,9,25,96.12,3.88
BATCH_0388,12,30,94.75,5.25
BATCH_0389,0,30,99.86,0.14
BATCH_0389,1,25,99.08,0.92
BATCH_0389,3,25,98.75,1.25
BATCH_0389,6,30,97.68,2.32
BATCH_0389,9,40,96.88,3.12
BATCH_0389,12,40,96.61,3.39
BATCH_0390,0,40,100.94,0.0
BATCH_0390,1,25,99.83,0.17
BATCH_0390,3,25,99.76,0.24
BATCH_0390,6,25,98.04,1.96
BATCH_0390,9,25,96.94,3.06
BATCH_0390,12,30,97.33,2.67
BATCH_0391,0,30,99.87,0.13
BATCH_0391,1,30,98.37,1.63
BATCH_0391,3,25,98.58,1.42
BATCH_0391,6,30,98.01,1.99
BATCH_0391,9,40,96.27,3.73
BATCH_0391,12,25,95.07,4.93
BATCH_0392,0,30,100.72,0.0
BATCH_0392,1,25,99.08,0.92
BATCH_0392,3,25,99.53,0.47
BATCH_0392,6,40,98.52,1.48
BATCH_0392,9,30,97.97,2.03
BATCH_0392,12,30,96.72,3.28
BATCH_0393,0,30,98.67,1.33
BATCH_0393,1,40,99.1,0.9
BATCH_0393,3,40,98.44,1.56
BATCH_0393,6,25,97.53,2.47
BATCH_0393,9,30,96.23,3.77
BATCH_0393,12,30,96.11,3.89
BATCH_0394,0,30,100.11,0.0
BATCH_0394,1,30,100.62,0.0
BATCH_0394,3,30,98.88,1.12
BATCH_0394,6,25,98.63,1.37
BATCH_0394,9,30,98.06,1.94
BATCH_0394,12,40,97.07,2.93
BATCH_0395,0,30,99.32,0.68
BATCH_0395,1,30,98.76,1.24
BATCH_0395,3,40,98.1,1.9
BATCH_0395,6,40,97.75,2.25
BATCH_0395,9,40,96.69,3.31
BATCH_0395,12,40,96.6,3.4
BATCH_0396,0,40,101.46,0.0
BATCH_0396,1,25,101.89,0.0
BATCH_0396,3,40,100.74,0.0
BATCH_0396,6,30,100.01,0.0
BATCH_0396,9,25,98.82,1.18
BATCH_0396,12,25,97.55,2.45
BATCH_0397,0,40,100.35,0.0
BATCH_0397,1,30,100.3,0.0
BATCH_0397,3,30,99.75,0.25
BATCH_0397,6,40,98.91,1.09
BATCH_0397,9,40,98.41,1.59
BATCH_0397,12,40,97.12,2.88
BATCH_0398,0,40,99.03,0.97
BATCH_0398,1,25,99.69,0.31
BATCH_0398,3,30,97.97,2.03
BATCH_0398,6,30,96.87,3.13
BATCH_0398,9,25,97.25,2.75
BATCH_0398,12,30,95.69,4.31
BATCH_0399,0,30,99.76,0.24
BATCH_0399,1,25,99.32,0.68
BATCH_0399,3,40,98.79,1.21
BATCH_0399,6,25,97.78,2.22
BATCH_0399,9,25,97.18,2.82
BATCH_0399,12,30,95.6,4.4
BATCH_0400,0,40,100.13,0.0
BATCH_0400,1,25,99.61,0.39
BATCH_0400,3,40,97.87,2.13
BATCH_0400,6,25,98.54,1.46
BATCH_0400,9,40,97.43,2.57
BATCH_0400,12,40,96.34,3.66
BATCH_0401,0,30,101.1,0.0
BATCH_0401,1,30,101.77,0.0
BATCH_0401,3,30,102.01,0.0
BATCH_0401,6,30,100.04,0.0
BATCH_0401,9,30,98.28,1.72
BATCH_0401,12,40,98.04,1.96
BATCH_0402,0,40,97.82,2.18
BATCH_0402,1,40,97.53,2.47
BATCH_0402,3,25,97.37,2.63
BATCH_0402,6,25,95.6,4.4
BATCH_0402,9,40,95.5,4.5
BATCH_0402,12,25,95.34,4.66
BATCH_0403,0,25,100.99,0.0
BATCH_0403,1,40,99.3,0.7
BATCH_0403,3,30,99.83,0.17
BATCH_0403,6,25,99.15,0.85
BATCH_0403,9,30,97.87,2.13
BATCH_0403,12,30,97.28,2.72
BATCH_0404,0,25,100.69,0.0
BATCH_0404,1,25,100.85,0.0
BATCH_0404,3,25,100.58,0.0
BATCH_0404,6,25,98.48,1.52
BATCH_0404,9,30,97.72,2.28
BATCH_0404,12,40,98.42,1.58
BATCH_0405,0,25,99.78,0.22
BATCH_0405,1,40,98.82,1.18
BATCH_0405,3,30,98.64,1.36
BATCH_0405,6,30,98.04,1.96
BATCH_0405,9,25,96.85,3.15
BATCH_0405,12,40,96.56,3.44
BATCH_0406,0,40,98.96,1.04
BATCH_0406,1,40,99.51,0.49
BATCH_0406,3,25,97.66,2.34
BATCH_0406,6,40,98.84,1.16
BATCH_0406,9,25,96.49,3.51
BATCH_0406,12,25,94.97,5.03
BATCH_0407,0,30,100.53,0.0
BATCH_0407,1,25,99.85,0.15
BATCH_0407,3,40,99.73,0.27
BATCH_0407,6,30,98.78,1.22
BATCH_0407,9,40,97.85,2.15
BATCH_0407,12,25,96.65,3.35
BATCH_0408,0,25,99.97,0.03
BATCH_0408,1,25,99.91,0.09
BATCH_0408,3,25,98.98,1.02
BATCH_0408,6,25,97.66,2.34
BATCH_0408,9,40,96.78,3.22
BATCH_0408,12,40,96.66,3.34
BATCH_0409,0,25,100.46,0.0
BATCH_0409,1,25,99.04,0.96
BATCH_0409,3,40,99.09,0.91
BATCH_0409,6,30,99.38,0.62
BATCH_0409,9,30,98.46,1.54
BATCH_0409,12,30,97.35,2.65
BATCH_0410,0,25,102.99,0.0
BATCH_0410,1,40,102.76,0.0
BATCH_0410,3,25,102.31,0.0
BATCH_0410,6,40,100.91,0.0
BATCH_0410,9,30,101.23,0.0
BATCH_0410,12,40,98.61,1.39
BATCH_0411,0,40,100.47,0.0
BATCH_0411,1,40,99.85,0.15
BATCH_0411,3,30,98.8,1.2
BATCH_0411,6,25,97.46,2.54
BATCH_0411,9,30,96.34,3.66
BATCH_0411,12,25,96.24,3.76
BATCH_0412,0,30,101.07,0.0
BATCH_0412,1,25,99.61,0.39
BATCH_0412,3,40,99.31,0.69
BATCH_0412,6,40,97.82,2.18
BATCH_0412,9,25,97.17,2.83
BATCH_0412,12,40,96.59,3.41
BATCH_0413,0,25,100.88,0.0
BATCH_0413,1,30,101.1,0.0
BATCH_0413,3,40,100.11,0.0
BATCH_0413,6,30,99.2,0.8
BATCH_0413,9,40,99.58,0.42
BATCH_0413,12,30,98.78,1.22
BATCH_0414,0,30,99.75,0.25
BATCH_0414,1,25,100.88,0.0
BATCH_0414,3,25,99.38,0.62
BATCH_0414,6,25,98.34,1.66
BATCH_0414,9,25,98.14,1.86
BATCH_0414,12,40,96.39,3.61
BATCH_0415,0,25,98.44,1.56
BATCH_0415,1,30,98.0,2.0
BATCH_0415,3,30,98.23,1.77
BATCH_0415,6,25,96.89,3.11
BATCH_0415,9,40,96.17,3.83
BATCH_0415,12,30,94.65,5.35
BATCH_0416,0,40,101.86,0.0
BATCH_0416,1,30,102.1,0.0
BATCH_0416,3,25,101.42,0.0
BATCH_0416,6,25,99.54,0.46
BATCH_0416,9,25,99.11,0.89
BATCH_0416,12,40,97.98,2.02
BATCH_0417,0,40,100.56,0.0
BATCH_0417,1,30,100.61,0.0
BATCH_0417,3,25,99.54,0.46
BATCH_0417,6,30,98.76,1.24
BATCH_0417,9,25,98.07,1.93
BATCH_0417,12,40,97.03,2.97
BATCH_0418,0,30,99.26,0.74
BATCH_0418,1,30,98.54,1.46
BATCH_0418,3,30,98.51,1.49
BATCH_0418,6,40,97.92,2.08
BATCH_0418,9,25,96.2,3.8
BATCH_0418,12,30,95.48,4.52
BATCH_0419,0,25,100.91,0.0
BATCH_0419,1,25,100.1,0.0
BATCH_0419,3,25,98.8,1.2
BATCH_0419,6,30,97.96,2.04
BATCH_0419,9,40,97.36,2.64
BATCH_0419,12,40,96.47,3.53
BATCH_0420,0,30,98.17,1.83
BATCH_0420,1,40,97.17,2.83
BATCH_0420,3,30,97.83,2.17
BATCH_0420,6,25,97.01,2.99
BATCH_0420,9,25,96.26,3.74
BATCH_0420,12,25,95.76,4.24
BATCH_0421,0,25,100.24,0.0
BATCH_0421,1,25,98.78,1.22
BATCH_0421,3,40,99.63,0.37
BATCH_0421,6,30,98.09,1.91
BATCH_0421,9,25,97.38,2.62
BATCH_0421,12,30,96.63,3.37
BATCH_0422,0,30,101.19,0.0
BATCH_0422,1,30,99.59,0.41
BATCH_0422,3,40,98.63,1.37
BATCH_0422,6,40,98.9,1.1
BATCH_0422,9,30,97.83,2.17
BATCH_0422,12,40,96.24,3.76
BATCH_0423,0,25,100.87,0.0
BATCH_0423,1,40,99.57,0.43
BATCH_0423,3,30,100.41,0.0
BATCH_0423,6,25,98.26,1.74
BATCH_0423,9,25,97.72,2.28
BATCH_0423,12,30,96.36,3.64
BATCH_0424,0,40,99.41,0.59
BATCH_0424,1,40,99.39,0.61
BATCH_0424,3,30,98.57,1.43
BATCH_0424,6,40,97.39,2.61
BATCH_0424,9,30,97.41,2.59
BATCH_0424,12,40,96.39,3.61
BATCH_0425,0,30,101.15,0.0
BATCH_0425,1,30,100.48,0.0
BATCH_0425,3,30,100.01,0.0
BATCH_0425,6,30,99.71,0.29
BATCH_0425,9,25,98.38,1.62
BATCH_0425,12,25,97.14,2.86
BATCH_0426,0,40,100.41,0.0
BATCH_0426,1,25,100.23,0.0
BATCH_0426,3,30,99.76,0.24
BATCH_0426,6,25,99.02,0.98
BATCH_0426,9,30,97.26,2.74
BATCH_0426,12,25,96.25,3.75
BATCH_0427,0,40,100.89,0.0
BATCH_0427,1,30,100.55,0.0
BATCH_0427,3,25,100.07,0.0
BATCH_0427,6,25,98.63,1.37
BATCH_0427,9,30,96.79,3.21
BATCH_0427,12,40,96.9,3.1
BATCH_0428,0,40,99.77,0.23
BATCH_0428,1,25,99.62,0.38
BATCH_0428,3,40,99.69,0.31
BATCH_0428,6,30,98.48,1.52
BATCH_0428,9,25,97.0,3.0
BATCH_0428,12,30,96.54,3.46
BATCH_0429,0,30,102.11,0.0
BATCH_0429,1,30,99.96,0.04
BATCH_0429,3,30,100.75,0.0
BATCH_0429,6,40,98.79,1.21
BATCH_0429,9,25,98.71,1.29
BATCH_0429,12,30,98.44,1.56
BATCH_0430,0,40,97.88,2.12
BATCH_0430,1,30,97.31,2.69
BATCH_0430,3,40,97.22,2.78
BATCH_0430,6,25,95.68,4.32
BATCH_0430,9,30,95.09,4.91
BATCH_0430,12,30,94.78,5.22
BATCH_0431,0,30,100.4,0.0
BATCH_0431,1,40,99.57,0.43
BATCH_0431,3,40,99.6,0.4
BATCH_0431,6,25,98.28,1.72
BATCH_0431,9,40,97.55,2.45
BATCH_0431,12,30,96.94,3.06
BATCH_0432,0,40,99.43,0.57
BATCH_0432,1,25,98.33,1.67
BATCH_0432,3,30,98.14,1.86
BATCH_0432,6,25,97.97,2.03
BATCH_0432,9,40,96.44,3.56
BATCH_0432,12,40,95.58,4.42
BATCH_0433,0,30,100.66,0.0
BATCH_0433,1,30,98.97,1.03
BATCH_0433,3,25,99.77,0.23
BATCH_0433,6,30,97.33,2.67
BATCH_0433,9,25,97.02,2.98
BATCH_0433,12,25,96.44,3.56
BATCH_0434,0,40,99.22,0.78
BATCH_0434,1,30,99.4,0.6
BATCH_0434,3,25,98.67,1.33
BATCH_0434,6,40,98.33,1.67
BATCH_0434,9,40,97.54,2.46
BATCH_0434,12,25,96.11,3.89
BATCH_0435,0,40,98.42,1.58
BATCH_0435,1,40,97.59,2.41
BATCH_0435,3,30,97.32,2.68
BATCH_0435,6,25,96.41,3.59
BATCH_0435,9,25,95.29,4.71
BATCH_0435,12,25,94.84,5.16
BATCH_0436,0,25,99.02,0.98
BATCH_0436,1,25,98.97,1.03
BATCH_0436,3,40,98.67,1.33
BATCH_0436,6,25,97.24,2.76
BATCH_0436,9,30,95.99,4.01
BATCH_0436,12,40,96.23,3.77
BATCH_0437,0,30,99.78,0.22
BATCH_0437,1,25,99.77,0.23
BATCH_0437,3,25,99.32,0.68
BATCH_0437,6,40,97.99,2.01
BATCH_0437,9,40,97.15,2.85
BATCH_0437,12,25,97.21,2.79
BATCH_0438,0,40,99.48,0.52
BATCH_0438,1,40,100.1,0.0
BATCH_0438,3,40,99.09,0.91
BATCH_0438,6,40,98.05,1.95
BATCH_0438,9,25,96.96,3.04
BATCH_0438,12,30,95.96,4.04
BATCH_0439,0,25,101.79,0.0
BATCH_0439,1,40,101.38,0.0
BATCH_0439,3,40,100.7,0.0
BATCH_0439,6,30,99.29,0.71
BATCH_0439,9,30,99.15,0.85
BATCH_0439,12,25,96.61,3.39
BATCH_0440,0,40,99.19,0.81
BATCH_0440,1,40,99.31,0.69
BATCH_0440,3,25,98.1,1.9
BATCH_0440,6,30,96.94,3.06
BATCH_0440,9,25,96.17,3.83
BATCH_0440,12,25,95.21,4.79
BATCH_0441,0,30,98.36,1.64
BATCH_0441,1,25,98.04,1.96
BATCH_0441,3,40,97.33,2.67
BATCH_0441,6,30,97.36,2.64
BATCH_0441,9,40,96.35,3.65
BATCH_0441,12,30,95.0,5.0
BATCH_0442,0,25,98.91,1.09
BATCH_0442,1,40,98.97,1.03
BATCH_0442,3,25,98.54,1.46
BATCH_0442,6,30,96.56,3.44
BATCH_0442,9,30,97.05,2.95
BATCH_0442,12,25,95.36,4.64
BATCH_0443,0,30,99.83,0.17
BATCH_0443,1,25,100.52,0.0
BATCH_0443,3,40,99.2,0.8
BATCH_0443,6,25,98.01,1.99
BATCH_0443,9,25,97.27,2.73
BATCH_0443,12,30,97.26,2.74
BATCH_0444,0,30,100.09,0.0
BATCH_0444,1,25,100.22,0.0
BATCH_0444,3,30,98.63,1.37
BATCH_0444,6,25,98.8,1.2
BATCH_0444,9,30,97.96,2.04
BATCH_0444,12,40,96.99,3.01
BATCH_0445,0,30,101.36,0.0
BATCH_0445,1,40,99.47,0.53
BATCH_0445,3,30,100.06,0.0
BATCH_0445,6,30,99.06,0.94
BATCH_0445,9,25,97.51,2.49
BATCH_0445,12,30,97.36,2.64
BATCH_0446,0,25,101.35,0.0
BATCH_0446,1,30,100.93,0.0
BATCH_0446,3,25,100.81,0.0
BATCH_0446,6,30,98.78,1.22
BATCH_0446,9,40,98.43,1.57
BATCH_0446,12,40,96.24,3.76
BATCH_0447,0,25,100.79,0.0
BATCH_0447,1,25,100.61,0.0
BATCH_0447,3,25,99.92,0.08
BATCH_0447,6,25,99.24,0.76
BATCH_0447,9,25,98.42,1.58
BATCH_0447,12,30,96.17,3.83
BATCH_0448,0,40,102.17,0.0
BATCH_0448,1,25,100.37,0.0
BATCH_0448,3,30,100.23,0.0
BATCH_0448,6,30,99.65,0.35
BATCH_0448,9,40,99.38,0.62
BATCH_0448,12,25,98.06,1.94
BATCH_0449,0,30,101.68,0.0
BATCH_0449,1,30,101.14,0.0
BATCH_0449,3,40,99.77,0.23
BATCH_0449,6,25,99.66,0.34
BATCH_0449,9,25,98.55,1.45
BATCH_0449,12,25,97.09,2.91
BATCH_0450,0,30,102.03,0.0
BATCH_0450,1,40,101.43,0.0
BATCH_0450,3,40,100.44,0.0
BATCH_0450,6,25,100.67,0.0
BATCH_0450,9,40,99.44,0.56
BATCH_0450,12,25,98.75,1.25
BATCH_0451,0,25,99.82,0.18
BATCH_0451,1,25,99.52,0.48
BATCH_0451,3,25,98.76,1.24
BATCH_0451,6,40,98.49,1.51
BATCH_0451,9,25,97.23,2.77
BATCH_0451,12,40,96.12,3.88
BATCH_0452,0,40,100.0,0.0
BATCH_0452,1,40,100.66,0.0
BATCH_0452,3,25,99.46,0.54
BATCH_0452,6,30,98.52,1.48
BATCH_0452,9,30,97.48,2.52
BATCH_0452,12,30,97.41,2.59
BATCH_0453,0,25,100.02,0.0
BATCH_0453,1,25,100.39,0.0
BATCH_0453,3,40,99.29,0.71
BATCH_0453,6,30,99.16,0.84
BATCH_0453,9,25,97.35,2.65
BATCH_0453,12,25,95.67,4.33
BATCH_0454,0,40,99.22,0.78
BATCH_0454,1,25,98.86,1.14
BATCH_0454,3,30,98.5,1.5
BATCH_0454,6,25,96.85,3.15
BATCH_0454,9,25,96.63,3.37
BATCH_0454,12,40,96.55,3.45
BATCH_0455,0,40,100.35,0.0
BATCH_0455,1,30,100.11,0.0
BATCH_0455,3,25,99.83,0.17
BATCH_0455,6,30,97.91,2.09
BATCH_0455,9,25,96.57,3.43
BATCH_0455,12,40,96.44,3.56
BATCH_0456,0,40,98.85,1.15
BATCH_0456,1,30,97.53,2.47
BATCH_0456,3,25,97.44,2.56
BATCH_0456,6,30,96.32,3.68
BATCH_0456,9,40,94.88,5.12
BATCH_0456,12,40,94.61,5.39
BATCH_0457,0,25,99.1,0.9
BATCH_0457,1,30,98.9,1.1
BATCH_0457,3,40,98.19,1.81
BATCH_0457,6,40,97.59,2.41
BATCH_0457,9,30,97.28,2.72
BATCH_0457,12,25,95.87,4.13
BATCH_0458,0,25,98.58,1.42
BATCH_0458,1,40,99.19,0.81
BATCH_0458,3,40,98.84,1.16
BATCH_0458,6,25,97.09,2.91
BATCH_0458,9,30,95.86,4.14
BATCH_0458,12,40,95.54,4.46
BATCH_0459,0,40,98.56,1.44
BATCH_0459,1,40,99.78,0.22
BATCH_0459,3,30,99.16,0.84
BATCH_0459,6,40,98.59,1.41
BATCH_0459,9,25,97.15,2.85
BATCH_0459,12,40,96.7,3.3
BATCH_0460,0,40,99.0,1.0
BATCH_0460,1,40,98.57,1.43
BATCH_0460,3,40,98.44,1.56
BATCH_0460,6,30,96.88,3.12
BATCH_0460,9,40,96.47,3.53
BATCH_0460,12,30,95.09,4.91
BATCH_0461,0,25,99.2,0.8
BATCH_0461,1,25,99.66,0.34
BATCH_0461,3,30,98.36,1.64
BATCH_0461,6,40,98.02,1.98
BATCH_0461,9,25,96.84,3.16
BATCH_0461,12,25,96.24,3.76
BATCH_0462,0,40,100.06,0.0
BATCH_0462,1,30,100.36,0.0
BATCH_0462,3,25,100.05,0.0
BATCH_0462,6,40,98.3,1.7
BATCH_0462,9,25,98.02,1.98
BATCH_0462,12,25,97.59,2.41
BATCH_0463,0,40,98.56,1.44
BATCH_0463,1,30,99.21,0.79
BATCH_0463,3,40,98.64,1.36
BATCH_0463,6,40,96.56,3.44
BATCH_0463,9,40,96.79,3.21
BATCH_0463,12,40,95.06,4.94
BATCH_0464,0,30,99.13,0.87
BATCH_0464,1,30,98.3,1.7
BATCH_0464,3,40,98.25,1.75
BATCH_0464,6,30,96.67,3.33
BATCH_0464,9,30,95.68,4.32
BATCH_0464,12,30,95.45,4.55
BATCH_0465,0,30,99.61,0.39
BATCH_0465,1,25,98.47,1.53
BATCH_0465,3,40,97.53,2.47
BATCH_0465,6,25,97.35,2.65
BATCH_0465,9,25,96.79,3.21
BATCH_0465,12,25,95.37,4.63
BATCH_0466,0,25,100.86,0.0
BATCH_0466,1,40,99.66,0.34
BATCH_0466,3,40,98.94,1.06
BATCH_0466,6,30,98.45,1.55
BATCH_0466,9,25,97.64,2.36
BATCH_0466,12,25,97.28,2.72
BATCH_0467,0,40,98.98,1.02
BATCH_0467,1,30,99.28,0.72
BATCH_0467,3,30,97.81,2.19
BATCH_0467,6,30,97.96,2.04
BATCH_0467,9,40,96.49,3.51
BATCH_0467,12,30,94.29,5.71
BATCH_0468,0,25,97.75,2.25
BATCH_0468,1,40,98.11,1.89
BATCH_0468,3,25,97.58,2.42
BATCH_0468,6,25,95.71,4.29
BATCH_0468,9,30,95.61,4.39
BATCH_0468,12,40,94.2,5.8
BATCH_0469,0,30,101.61,0.0
BATCH_0469,1,30,101.27,0.0
BATCH_0469,3,25,100.44,0.0
BATCH_0469,6,25,100.47,0.0
BATCH_0469,9,30,98.36,1.64
BATCH_0469,12,25,98.07,1.93
BATCH_0470,0,40,98.78,1.22
BATCH_0470,1,40,97.37,2.63
BATCH_0470,3,30,97.7,2.3
BATCH_0470,6,25,96.34,3.66
BATCH_0470,9,30,94.28,5.72
BATCH_0470,12,40,94.12,5.88
BATCH_0471,0,25,100.22,0.0
BATCH_0471,1,30,99.95,0.05
BATCH_0471,3,30,99.47,0.53
BATCH_0471,6,30,98.17,1.83
BATCH_0471,9,25,97.89,2.11
BATCH_0471,12,25,96.54,3.46
BATCH_0472,0,30,100.92,0.0
BATCH_0472,1,25,100.62,0.0
BATCH_0472,3,25,100.4,0.0
BATCH_0472,6,40,98.96,1.04
BATCH_0472,9,25,97.75,2.25
BATCH_0472,12,25,97.44,2.56
BATCH_0473,0,30,99.11,0.89
BATCH_0473,1,30,99.31,0.69
BATCH_0473,3,25,100.14,0.0
BATCH_0473,6,40,98.12,1.88
BATCH_0473,9,40,97.46,2.54
BATCH_0473,12,40,95.26,4.74
BATCH_0474,0,30,100.13,0.0
BATCH_0474,1,40,100.34,0.0
BATCH_0474,3,40,99.61,0.39
BATCH_0474,6,30,99.08,0.92
BATCH_0474,9,25,98.33,1.67
BATCH_0474,12,25,96.95,3.05
BATCH_0475,0,40,99.81,0.19
BATCH_0475,1,30,99.31,0.69
BATCH_0475,3,30,97.86,2.14
BATCH_0475,6,25,98.05,1.95
BATCH_0475,9,30,96.75,3.25
BATCH_0475,12,30,96.38,3.62
BATCH_0476,0,25,99.86,0.14
BATCH_0476,1,25,99.58,0.42
BATCH_0476,3,25,99.48,0.52
BATCH_0476,6,30,97.6,2.4
BATCH_0476,9,40,96.99,3.01
BATCH_0476,12,40,96.52,3.48
BATCH_0477,0,40,99.02,0.98
BATCH_0477,1,25,98.78,1.22
BATCH_0477,3,25,98.09,1.91
BATCH_0477,6,30,97.44,2.56
BATCH_0477,9,30,96.06,3.94
BATCH_0477,12,30,95.72,4.28
BATCH_0478,0,30,99.8,0.2
BATCH_0478,1,25,100.0,0.0
BATCH_0478,3,30,100.22,0.0
BATCH_0478,6,30,99.11,0.89
BATCH_0478,9,25,97.32,2.68
BATCH_0478,12,40,97.1,2.9
BATCH_0479,0,40,98.97,1.03
BATCH_0479,1,25,98.17,1.83
BATCH_0479,3,40,98.05,1.95
BATCH_0479,6,30,96.43,3.57
BATCH_0479,9,30,97.02,2.98
BATCH_0479,12,40,95.38,4.62
BATCH_0480,0,40,99.27,0.73
BATCH_0480,1,25,98.58,1.42
BATCH_0480,3,25,98.79,1.21
BATCH_0480,6,25,97.85,2.15
BATCH_0480,9,25,96.74,3.26
BATCH_0480,12,25,95.48,4.52
BATCH_0481,0,25,98.51,1.49
BATCH_0481,1,40,97.97,2.03
BATCH_0481,3,25,97.7,2.3
BATCH_0481,6,30,97.09,2.91
BATCH_0481,9,30,95.99,4.01
BATCH_0481,12,30,94.61,5.39
BATCH_0482,0,40,100.04,0.0
BATCH_0482,1,30,99.25,0.75
BATCH_0482,3,40,98.86,1.14
BATCH_0482,6,30,98.21,1.79
BATCH_0482,9,40,97.64,2.36
BATCH_0482,12,30,96.54,3.46
BATCH_0483,0,40,99.75,0.25
BATCH_0483,1,30,99.94,0.06
BATCH_0483,3,25,98.76,1.24
BATCH_0483,6,25,97.76,2.24
BATCH_0483,9,40,97.04,2.96
BATCH_0483,12,30,96.25,3.75
BATCH_0484,0,30,96.99,3.01
BATCH_0484,1,25,97.68,2.32
BATCH_0484,3,40,97.97,2.03
BATCH_0484,6,25,96.66,3.34
BATCH_0484,9,40,96.07,3.93
BATCH_0484,12,40,94.42,5.58
BATCH_0485,0,40,99.86,0.14
BATCH_0485,1,30,100.18,0.0
BATCH_0485,3,25,99.16,0.84
BATCH_0485,6,40,98.04,1.96
BATCH_0485,9,40,97.38,2.62
BATCH_0485,12,25,96.66,3.34
BATCH_0486,0,25,100.73,0.0
BATCH_0486,1,25,100.56,0.0
BATCH_0486,3,40,99.65,0.35
BATCH_0486,6,40,99.7,0.3
BATCH_0486,9,30,98.45,1.55
BATCH_0486,12,40,97.52,2.48
BATCH_0487,0,25,100.31,0.0
BATCH_0487,1,40,100.67,0.0
BATCH_0487,3,25,100.16,0.0
BATCH_0487,6,40,98.7,1.3
BATCH_0487,9,25,98.06,1.94
BATCH_0487,12,30,97.3,2.7
BATCH_0488,0,40,99.7,0.3
BATCH_0488,1,40,99.43,0.57
BATCH_0488,3,40,97.3,2.7
BATCH_0488,6,25,97.68,2.32
BATCH_0488,9,25,96.93,3.07
BATCH_0488,12,30,95.42,4.58
BATCH_0489,0,30,98.59,1.41
BATCH_0489,1,30,97.91,2.09
BATCH_0489,3,25,97.59,2.41
BATCH_0489,6,30,96.67,3.33
BATCH_0489,9,30,95.94,4.06
BATCH_0489,12,40,94.98,5.02
BATCH_0490,0,25,98.56,1.44
BATCH_0490,1,30,99.07,0.93
BATCH_0490,3,40,98.21,1.79
BATCH_0490,6,30,97.76,2.24
BATCH_0490,9,30,96.47,3.53
BATCH_0490,12,25,96.07,3.93
BATCH_0491,0,40,100.85,0.0
BATCH_0491,1,25,99.84,0.16
BATCH_0491,3,30,99.97,0.03
BATCH_0491,6,40,98.83,1.17
BATCH_0491,9,30,98.33,1.67
BATCH_0491,12,25,97.25,2.75
BATCH_0492,0,30,98.71,1.29
BATCH_0492,1,40,97.99,2.01
BATCH_0492,3,40,97.95,2.05
BATCH_0492,6,40,96.97,3.03
BATCH_0492,9,25,96.91,3.09
BATCH_0492,12,30,94.86,5.14
BATCH_0493,0,30,98.91,1.09
BATCH_0493,1,25,99.02,0.98
BATCH_0493,3,30,98.43,1.57
BATCH_0493,6,25,96.94,3.06
BATCH_0493,9,40,97.83,2.17
BATCH_0493,12,25,95.95,4.05
BATCH_0494,0,25,100.48,0.0
BATCH_0494,1,25,99.84,0.16
BATCH_0494,3,40,100.02,0.0
BATCH_0494,6,40,97.8,2.2
BATCH_0494,9,25,97.2,2.8
BATCH_0494,12,30,96.59,3.41
BATCH_0495,0,40,99.33,0.67
BATCH_0495,1,30,99.05,0.95
BATCH_0495,3,25,99.09,0.91
BATCH_0495,6,40,98.9,1.1
BATCH_0495,9,25,96.6,3.4
BATCH_0495,12,25,96.63,3.37
BATCH_0496,0,30,99.6,0.4
BATCH_0496,1,40,99.35,0.65
BATCH_0496,3,25,98.57,1.43
BATCH_0496,6,25,97.54,2.46
BATCH_0496,9,40,96.37,3.63
BATCH_0496,12,40,95.93,4.07
BATCH_0497,0,25,101.12,0.0
BATCH_0497,1,30,101.36,0.0
BATCH_0497,3,30,99.91,0.09
BATCH_0497,6,40,99.02,0.98
BATCH_0497,9,30,98.58,1.42
BATCH_0497,12,25,97.28,2.72
BATCH_0498,0,25,100.59,0.0
BATCH_0498,1,40,99.48,0.52
BATCH_0498,3,25,99.6,0.4
BATCH_0498,6,40,98.01,1.99
BATCH_0498,9,25,97.31,2.69
BATCH_0498,12,30,97.31,2.69
BATCH_0499,0,30,101.43,0.0
BATCH_0499,1,25,101.26,0.0
BATCH_0499,3,30,100.87,0.0
BATCH_0499,6,30,98.95,1.05
BATCH_0499,9,30,98.44,1.56
BATCH_0499,12,30,97.69,2.31
BATCH_0500,0,40,99.5,0.5
BATCH_0500,1,25,99.9,0.1
BATCH_0500,3,25,99.06,0.94
BATCH_0500,6,30,98.41,1.59
BATCH_0500,9,25,96.21,3.79
BATCH_0500,12,40,96.61,3.39
